query,res_queries,answer
富铁软糖的使用方法、推荐用量及适用人群是什么,富铁软糖的使用方法、推荐用量及适用人群是什么,"富铁软糖的使用方法为每天推荐3粒，开袋即食，不限时间，可当零食食用，口感酸甜Q弹，荔枝口味。推荐用量根据年龄和生理状态不同：4-10岁每天2-3粒，12-50岁每天3-4粒，≥50岁每天3-4粒，孕期哺乳期每天5-6粒。适用人群为3岁以上儿童、成人、备孕及哺乳期人群，用于补充微量铁元素，达到补铁补气血的作用。每瓶60颗，可食用约20天。注意事项包括癌症、肿瘤患者建议咨询医生。膳食营养补充食品不是药物，不能代替药物治疗疾病。
温度超过38℃会导致糖内致体融化，如出现适度的黏粘、轻微返砂、变形不影响食用。
儿童需在成人监控下食用。
本品添加果汁，颜色略微差异属于正常现象，请放心食用。"
升级肽EGCG饮的建议用量、饮用时间和注意事项是什么,升级肽EGCG饮的建议用量、饮用时间和注意事项是什么,EGCG升级肽的建议用量为每天1瓶，饮用时间可选择每晚睡前或白天饭后，可直接饮用或兑60度以下少量温水饮用。注意事项包括：鱼类过敏、肾功能代谢异常者不能饮用；备孕期、怀孕期、哺乳期不建议饮用；癌症、肿瘤患者建议咨询医生；避免与酒类、浓茶、药物、咖啡同服，建议间隔2-4小时以上。
口服胶原蛋白肽多久能看到效果,口服胶原蛋白肽多久能看到效果,2-3个月为基础补充期，4-6个月为快速提升期，6个月后效果逐步放大，之后进入维稳期。坚持1-2年可进一步巩固效果
皮肤代谢周期是多少天，分为几个阶段，每个阶段的效果是什么，如何计算,"皮肤代谢周期是多少天
皮肤代谢周期分为几个阶段
皮肤代谢周期每个阶段的效果是什么
皮肤代谢周期如何计算",皮肤代谢周期因年龄而异，18岁及以下为28天，18岁以后为实际年龄加10天，例如35岁为45天。口服保养的过程大概可以分为3个：1-2个周期，皮肤通道打开，状态改善；3-4周期，针对皮肤问题，稳定肌肤状态；6个周期之后，多维度的抗衰，巩固前序效果。坚持4-6个周期都是有肉眼可见的变化呢。
升级款胶原蛋白肽的使用方法和注意事项是什么,"升级款胶原蛋白肽的使用方法是什么
升级款胶原蛋白肽的注意事项是什么",升级款胶原蛋白肽的使用方法是每天1支，建议睡前喝，如不吃晚饭可以在白天饭后饮用，可以直接拧开喝，或兑60℃以下温水。注意事项包括经期可以放心喝，但备孕期、孕期、哺乳期不建议使用；鱼类、海鲜、蛋白质过敏人群不建议使用；肾脏代谢异常不能喝；癌症、肿瘤体质建议咨询医生；忌口酒类、浓茶类、药物类、咖啡类，建议间隔2小时以上；开启后请尽快饮用，或冷藏并于24小时内饮用完毕；不要空腹喝，不要加热饮用。
胶原蛋白肽维C饮的使用方法和注意事项是什么,胶原蛋白肽维C饮的使用方法和注意事项是什么,"胶原蛋白肽维C饮的使用方法为每天1-2支，睡前饮用，可直接饮用或兑80-100ml温水（建议不超过60度）。25岁以下建议每天1支，25岁以上、熬夜或焦虑时可选择每日2支，30岁以上建议每天2支（白天饭后1支，晚上睡前1支），经期、熬夜、压力大、孕期、哺乳期建议每天2支，如不吃晚饭可在白天饭后饮用，建议白天餐后半小时和睡前各饮用1支。注意事项包括：对鱼、虾、蟹等水产品过敏者及肾脏代谢异常者不能喝；癌症、肿瘤体质建议咨询医生；产品为食品级饮品，不含激素和类雌激素，可放心饮用；糖尿病患者需根据热量遵医嘱饮用；避免与酒类、浓茶、咖啡、药物同服，建议间隔2小时以上；不要空腹饮用。
开启后需冷藏(0-6℃)并在24小时内饮用完毕。"
升级肽EGCG饮的使用方法、注意事项、适用人群及主要功效是什么,"升级肽EGCG饮的使用方法是什么
升级肽EGCG饮的注意事项是什么
升级肽EGCG饮的适用人群是什么
升级肽EGCG饮的主要功效是什么",升级肽EGCG饮的使用方法是每天一瓶，每晚睡前或白天饭后饮用。注意事项包括备孕、孕期、哺乳期不建议饮用；鱼类过敏、肾功能代谢异常者不能饮用；癌症、肿瘤患者建议咨询医生；忌口酒类、浓茶、药物、咖啡类，建议间隔2-4小时以上；不需要冷藏，常温保存于阴凉处即可，若追求口感可冷藏；口感偏甜是正常的，使用的是代糖，每瓶约50卡路里。适用人群为25岁以上需要高阶保养和熟龄肌修复的人群。主要功效是补胶原、补水、锁水、抗氧化，能提亮肤色，改善皮肤暗沉发黄，增强皮肤代谢。每瓶50毫升含有8000毫克胶原蛋白肽、100毫克弹性蛋白、玻尿酸和EGCG可寡糖。拥有7大自研专利证书，与首都医科大学公共卫生学院合作进行208人3个多月的临床测试，有SGS8周真人实测报告，被人民日报报道。
美白淡斑精华液的使用方法是什么,美白淡斑精华液的使用方法是什么,美白淡斑精华液的使用方法是早晚洁面后取适量均匀涂抹于脸部并轻轻按摩至吸收，初次使用需建立耐受，避开眼周并逐天加量，敏感肌需在耳后做过敏测试，如出现皮肤不适应停止使用，孕妇及哺乳期人群需遵医嘱使用，建议晚上使用并放在爽肤水和乳液之间，初期可将产品放冰箱保存，每次使用1支，前3-5天建立耐受无不适后再全脸使用。
虾青素凝胶糖果的使用方法是什么,虾青素凝胶糖果的使用方法是什么,虾青素凝胶糖果的使用方法是每天一粒，随餐或餐后15分钟用温水吞服。孕期和哺乳期不建议服用。需密封、避光、置阴凉干燥处保存。
升级肽的建议用量、饮用方式及注意事项是什么,"升级肽的建议用量是什么
升级肽的饮用方式是什么
升级肽的注意事项是什么",升级肽的建议用量为每天1瓶，饮用方式为每晚睡前或白天饭后饮用，可直接喝或兑60度以下少量温水饮用。注意事项包括：鱼虾类过敏、肾功能代谢异常者禁用；备孕、孕期、哺乳期不建议饮用；癌症、肿瘤患者需咨询医生；产品不含激素和类雌激素成分，经期可以放心喝；喝酒需间隔24小时，西药间隔2-4小时，中药遵医嘱，中成药间隔2-4小时；饮用前需将容器倒置两次使液体均匀混合，建议在阴凉干燥处保存，避免阳光直射。
虾青素的服用方法是什么,虾青素的服用方法是什么,虾青素凝胶糖果：每天一粒；随餐，或餐后15分钟，温水吞服即可；注意：孕期和哺乳期不建议服用哦储存方法:密封、避光、置阴凉干燥处保存
富铁软糖的功效及适用人群是什么,"富铁软糖的功效是什么
富铁软糖的适用人群是什么",富铁软糖的主要功效是补充铁元素，具有补铁和补气血的作用，有助于预防和改善缺铁性贫血，提高免疫力和抗疲劳能力，同时可提升皮肤、改善色斑、促进骨骼健康。其适用人群包括3岁以上儿童、成人、备孕及哺乳期人群，特别适合手脚冰凉、月经不调、熬夜面色差、蹲起头晕、气血不足、疲劳、健身后精神不佳、贫血者、对血糖敏感人群及需要恢复体力的人群，哺乳期女性、备孕女性及更年期女性更推荐使用，孕妇需咨询医生后食用。此外，熬夜耗元气、身体疲劳、例假血流失、铁流失高峰期、常喝咖啡奶茶导致铁加速流失的人群也适用。每颗含铁4.6mg，每天推荐食用3粒，采用5重优质有机铁源，并配合血蛋白多肽、花青素和维生素C促进铁吸收。
白密码的建议用量、饮用方式和注意事项是什么,"白密码的建议用量是什么
白密码的饮用方式是什么
白密码的注意事项是什么","白密码的建议用量为每天1瓶，饮用方式为直接饮用，开启后需及时饮用或于0-6°C冷藏，并在24小时内饮用完毕。注意事项包括鱼类过敏、肾功能代谢异常者不能饮用，备孕期、怀孕期、哺乳期不建议饮用，癌症、肿瘤患者建议咨询医生。
本品如有沉淀或颜色变化为正常现象，请摇匀后饮用。
若发现破损，请勿饮用。"
升级肽EGCG饮的禁忌人群和忌口要求有哪些,"升级肽EGCG饮的禁忌人群有哪些
升级肽EGCG饮的忌口要求有哪些",升级肽EGCG饮的禁忌人群包括备孕、孕期、哺乳期女性，鱼类过敏者，肾功能代谢异常者，以及癌症、肿瘤患者（需咨询医生）。忌口要求包括避免酒类、浓茶类、药物类、咖啡类，并建议与这些食物或饮品间隔2-4小时以上饮用。
胶原蛋白肽的使用方法、建议用量及饮用方式是什么,"胶原蛋白肽的使用方法是什么
胶原蛋白肽的建议用量是什么
胶原蛋白肽的饮用方式是什么",胶原蛋白肽的使用方法为每天1支，建议睡前饮用，如不吃晚饭可在白天饭后饮用，可直接拧开喝或兑60℃以下温水。25岁及以上、经期、压力大或熬夜人群建议每天1-2支，白天餐后半小时加睡前1支。备孕期、孕期、哺乳期不建议使用，肾脏代谢异常者不能喝，癌症、肿瘤病史建议咨询医生，对鱼、虾、蟹等水产品过敏者不建议使用。饮酒或服用中药后需间隔两小时再饮用，建议间隔2小时以上忌口酒类、浓茶类、药物类、咖啡类。EGCG升级肽建议每天一瓶，每晚睡前或白天饭后饮用；经典款胶原蛋白肽添加了GABA，建议每晚睡前喝。
升级肽EGCG饮的使用注意事项、禁忌人群及建议用量是什么,"升级肽EGCG饮的使用注意事项是什么
升级肽EGCG饮的禁忌人群是什么
升级肽EGCG饮的建议用量是什么",EGCG升级肽的使用注意事项包括鱼类、海鲜类过敏者不能饮用，肾功能代谢异常者不能饮用，备孕期、怀孕期、哺乳期不建议饮用，高血糖患者建议咨询医生，癌症、肿瘤患者建议咨询医生，避免与酒类、浓茶、药物、咖啡同服，最好间隔2小时以上。答案文本中未提及建议用量。
益生菌的服用方法和注意事项是什么,"益生菌的服用方法是什么
益生菌的注意事项是什么","益生菌的服用方法和注意事项包括：每天早晨空腹或饭后半小时用40度以下的温水冲服1-2袋。服用抗生素期间需间隔2-3小时，腹泻患者不建议使用。富含膳食纤维有助于维持正常肠道功能，如果没有便秘可每周喝2-3次而非天天饮用。本产品不能代替特殊医学用途配方食品、保健食品等特殊食品。
本产品不能代替特殊医学用途配方食品、婴幼儿配方食品、保健食品等特殊食品。
饭后半小时直接食用，益生菌存活率更高。
若同时服用抗生素类药物，请至少间隔2小时。
开启铝膜后请尽快食用。"
服用胶原蛋白肽维C饮期间有哪些注意事项和忌口,"服用胶原蛋白肽维C饮期间有哪些注意事项
服用胶原蛋白肽维C饮期间有哪些忌口",服用胶原蛋白肽维C饮期间，对鱼、虾、蟹等水产品过敏者不能饮用；肾脏代谢异常者不能饮用；癌症、肿瘤体质者建议咨询医生后再决定是否饮用；糖尿病患者需根据热量遵医嘱饮用；高血糖者建议咨询医生。饮用期间需忌口酒类、浓茶类、药物类、咖啡类，建议与这些物质间隔2-4小时以上服用，喝酒或吃中药后需间隔2小时以上再饮用。经期、备孕期、怀孕期、哺乳期可以放心饮用，产品不含激素、类雌激素；30岁及以上、熬夜、压力大、睡眠不好、自身要求较高人群建议每天喝2支。开启后需冷藏(0-6℃)并在24小时内饮用完毕。
经期可以喝胶原蛋白肽和亢唐饮吗,"经期可以喝胶原蛋白肽吗
经期可以喝亢唐饮吗",经期可以正常喝胶原蛋白肽和亢唐饮。胶原蛋白肽和亢唐饮是食品级产品，不含雌激素和类雌激素，经期可以正常饮用，且经期胶原蛋白流失加快，建议坚持饮用。
每瓶胶原蛋白肽和亢唐饮的热量是多少，减脂期可以饮用吗,"每瓶胶原蛋白肽的热量是多少
每瓶亢唐饮的热量是多少
减脂期可以饮用胶原蛋白肽吗
减脂期可以饮用亢唐饮吗",每瓶胶原蛋白肽和亢唐饮的热量都不到50大卡，约等于半个苹果，减脂期可以放心饮用。
经典肽和升级肽在成分、效果及版本上的区别是什么,"经典肽和升级肽在成分上的区别是什么
经典肽和升级肽在效果上的区别是什么
经典肽和升级肽在版本上的区别是什么","经典肽和升级肽在成分、效果及版本上的区别如下：经典肽是较早版本的基础款胶原蛋白产品，每瓶含6000mg鱼胶原蛋白肽、100mg弹性蛋白肽和专利成分【胶原护盾】，仅补充胶原蛋白，无玻尿酸原料，适合25岁以下、20岁左右人群或孕期、备孕、哺乳期人群日常补充，每天需喝两瓶；升级肽是2.0最新版本，每瓶含8000mg鱼胶原蛋白肽、100mg鱼弹性蛋白肽，并额外添加500mg壳寡糖、100mgEGCG、100mg透明质酸钠（玻尿酸）等成分，胶原蛋白含量更高，新增玻尿酸合成原料，既能补充胶原蛋白又能深层补水锁水，效果更好，适合25岁以上、40岁左右人群或非特殊生理阶段的抗衰老需求，每天喝一瓶即可，且喝1瓶相当于经典肽喝2瓶，在皮肤光泽度、含水量、紧致度、弹性、细纹和粗糙度改善方面效果优于经典肽。
明胶外皮在高温下易发生变形或黏连，是产品特性，请在开封后尽快食用。"
胶原蛋白和玻尿酸从什么时候开始流失，流失速度如何变化,"胶原蛋白从什么时候开始流失
玻尿酸从什么时候开始流失
胶原蛋白的流失速度如何变化
玻尿酸的流失速度如何变化",人体从25岁起胶原蛋白开始以1.5%的年流失速率加速流失，到45岁时流失速率约为30%，流失速度显著增加
虾青素的作用和功效是什么,虾青素的作用和功效是什么,虾青素具有抗氧化作用，能清除自由基，延缓细胞衰老，减少皮肤皱纹，改善皮肤弹性与光泽，同时具有抗炎、抗糖化和修复细胞的功能。它有助于保护皮肤免受紫外线刺激，提亮肤色，改善皮肤暗黄暗沉，延缓皮肤衰老，防止胶原流失、弹性下降和色素沉淀，具有防晒、美白、抗氧、抗皱四大功效。虾青素还能保护眼睛和肝脏健康，防止辐射损伤，促进毛发生长。其抗氧化能力是维生素C的6000倍，被称为“抗氧化之王”或“御氧界珠峰”，配合肽或升级肽一起服用效果更好。每粒含12mg虾青素，来自雨生红球藻，采用高纯度左旋结构，脂溶性好，易吸收，建议每天随餐或餐后15分钟温水吞服一粒。
复合益生菌固体饮料的使用方法和注意事项是什么,复合益生菌固体饮料的使用方法和注意事项是什么,"复合益生菌固体饮料的使用方法是每天早晨空腹或饭后半小时用40度以下或60度以下的温水100-150ml冲服1-2袋，25岁以上建议每天饮用2支，睡前饮用，备孕、孕期、哺乳期都可以喝，用于调节肠道菌群，不需要每天服用。注意事项包括腹泻患者不建议使用，肾功能异常不建议饮用，癌症、肿瘤体质需咨询医生，服用抗生素期间需间隔2-3小时，建议在服用抗生素2-3小时后食用。
本产品不能代替特殊医学用途配方食品、婴幼儿配方食品、保健食品等特殊食品。
饭后半小时直接食用，益生菌存活率更高。
若同时服用抗生素类药物，请至少间隔2小时。
开启铝膜后请尽快食用。"
口服保养分为哪几个阶段，各阶段的效果和周期是怎样的,"口服保养分为哪几个阶段
口服保养各阶段的效果是怎样的
口服保养各阶段的周期是怎样的",口服保养分为四个阶段，各阶段的效果和周期如下：2-3个月为基础补充期，1-2个周期皮肤通道打开，状态改善；4-6个月为快速提升期，3-4个周期稳定肌肤状态；7-12个月为维稳储能期，6个周期后多维度抗衰，巩固效果；1-2年为最佳巩固期。
使用产品后多久能看到明显效果,使用产品后多久能看到明显效果,使用产品后，1-2个周期（约2-4个月）皮肤通道打开，状态改善，为基础补充期；3-4个周期（约4-6个月）稳定肌肤状态，部分人群开始出现肉眼可见效果；6个周期后多维度抗衰，巩固效果。28天一个皮肤新陈代谢周期后，皮肤光泽度、含水量、弹性等数据已有改善；8周一个皮肤代谢周期结束后，皮肤光泽度、含水量、弹性提升，细纹和皱纹减少；3个代谢周期（约90天或240天）可见明显变化，效果从真皮层到肉眼可见。大部分老客户反馈坚持4-6个月后有肉眼可见的变化，肉眼可见的变化需要4~6个代谢周期，大约4~6个月。4-6个月为快速提升期，7-12个月为维稳储能期，1-2年为巩固维稳阶段，建议以年为单位观察明显改善，低聚肽需长期坚持，给内服多一些耐心。约1个月后开始显现效果。
美白淡斑精华液的使用方法、注意事项及禁忌人群有哪些,"美白淡斑精华液的使用方法有哪些
美白淡斑精华液的注意事项有哪些
美白淡斑精华液的禁忌人群有哪些",美白淡斑精华液的使用方法、注意事项及禁忌人群包括：孕妇及哺乳期人群应遵医嘱使用；建议晚上使用，用在爽肤水和乳液之间，每次使用1支，前3-5天建立耐受，无不适后再全脸使用；前期未用完的精华可放冰箱保存；如发现皮肤不适或使用后出现不适，请停止使用。
升级肽的注意事项有哪些,升级肽的注意事项有哪些,升级肽的注意事项包括：鱼虾类、鱼类、海鲜类、鱼、虾、蟹等水产品过敏者不能饮用；肾功能代谢异常者不能饮用；备孕期、怀孕期、哺乳期不建议饮用；癌症、肿瘤患者建议咨询医生后再决定是否饮用；高血糖、糖尿病患者需根据热量遵医嘱饮用；饮酒后需间隔2-3小时（少量）或24小时（大量）再饮用；若正在服药，建议与药物间隔2-4小时服用；每瓶热量不到50大卡，减脂期可放心饮用；经期可以正常饮用。
胶原蛋白肽的最佳饮用时间和用量是什么,胶原蛋白肽的最佳饮用时间和用量是什么,睡前30分钟—60分钟直接饮用，每日不超过1瓶。根据自己的口感可以直接饮用或兑80-100ml温水，水温建议不超过60℃。(注：肠胃敏感（辛辣冷刺激后腹部不适、腹泻）着建议兑温水服用)
升级款胶原蛋白肽饮用期间需要忌口哪些食物或饮品,"升级款胶原蛋白肽饮用期间需要忌口哪些食物
升级款胶原蛋白肽饮用期间需要忌口哪些饮品",升级款胶原蛋白肽饮用期间需要忌口酒类、浓茶类、药物类、咖啡类，建议间隔2小时以上服用。
哪些人群不适合饮用胶原蛋白肽维C饮,哪些人群不适合饮用胶原蛋白肽维C饮,对鱼、虾、蟹等水产品过敏者不能饮用，肾脏代谢异常（肾功能异常）者不能饮用，癌症、肿瘤体质者建议咨询医生后再决定是否饮用，糖尿病患者需根据热量遵医嘱饮用，备孕期、怀孕期、哺乳期女性建议咨询医生后再决定是否饮用，喝酒或吃中药后需间隔两小时再饮用。
白密码有哪些注意事项,白密码的注意事项是什么,"鱼类过敏、肾功能代谢异常者不能饮用白密码；备孕期、怀孕期、哺乳期不建议饮用；癌症、肿瘤患者建议咨询医生。
本品如有沉淀或颜色变化为正常现象，请摇匀后饮用。
若发现破损，请勿饮用。"
如何加快胶原蛋白肽的见效速度,如何加快胶原蛋白肽的见效速度,尽量早睡让胶原蛋白睡饱，做好防晒避免光老化损伤，采用抗糖化饮食减缓胶原流失，保持好心情，少吃AGES含量高的食物（如烧烤、烘焙、甜品、糖油混合物）。
胶原蛋白肽的口感如何，是否容易适应,"胶原蛋白肽的口感如何
胶原蛋白肽是否容易适应",胶原蛋白肽口感酸酸甜甜，比较好坚持
胶原蛋白肽是晚上睡前喝效果更好，还是白天空腹或饭后喝更好，最佳服用时间是什么时候,胶原蛋白肽是晚上睡前喝效果更好，还是白天空腹或饭后喝更好，最佳服用时间是什么时候,建议睡前喝胶原蛋白肽，因为进入睡眠状态后可以更好地促进胶原蛋白合成，且胶原蛋白的合成主要在夜间进行，夜间是合成胶原蛋白的黄金时间。
升级肽EGCG饮的正确服用方法是什么是否可以空腹饮用，是否需要加热,"升级肽EGCG饮的正确服用方法是什么
升级肽EGCG饮是否可以空腹饮用
升级肽EGCG饮是否需要加热",EGCG升级肽的正确服用方法是每天1瓶，建议在每晚睡前或白天饭后饮用，可直接饮用或兑60度以下少量温水饮用。不建议空腹饮用，因为空腹状态下部分成分可能转化为能量，影响效果，但对人体无任何伤害。根据自己的口感可以直接饮用或兑80-100ml温水，水温建议不超过60℃。(注：肠胃敏感（辛辣冷刺激后腹部不适、腹泻）着建议兑温水服用)
抗糖产品的最佳服用时间是什么，饭前还是饭后，是否需随餐或特定时间饮用,"抗糖产品的最佳服用时间是什么
抗糖产品是饭前服用还是饭后服用
抗糖产品是否需随餐饮用
抗糖产品是否需在特定时间饮用",抗糖产品的最佳服用时间建议在饭前半小时或随餐饮用，优先推荐在每天摄入热量最高或主食最多的一餐前服用，尤其是中午或晚餐前。如果餐前忘记服用，餐后补服也可以。低血糖者不建议空腹服用，可选择随餐饮用。抗糖饮可在餐前半小时或随餐饮用，压片糖果需与饮品一同食用，可用不超过60度的温水冲服。具体服用时间可根据个人饮食安排调整，但效果最佳的是在热量最高的一餐前服用。
抗氧化和抗糖化在抗衰老中的作用、区别及重要性分别是什么,"抗氧化和抗糖化在抗衰老中的作用是什么
抗氧化和抗糖化在抗衰老中的区别是什么
抗氧化和抗糖化在抗衰老中的重要性是什么",抗氧化和抗糖化在抗衰老中具有不同作用和重要性。抗氧化针对自由基，防止胶原蛋白和弹性纤维松弛、脆裂，保护皮肤免受紫外线、污染、压力等导致的氧化应激，其关键措施包括少熬夜、防晒、运动、保持好心情、防辐射以及使用抗糖抗氧化产品。抗糖化则针对AGEs（糖基化终产物），防止糖与蛋白质结合生成AGEs，避免胶原蛋白断裂和皮肤松弛。抗衰老需要结合抗糖、抗氧和防晒。抗氧化比抗糖化更难缠，因为自由基来源广泛，需通过作息规律、防晒、运动、好心情及使用抗糖抗氧化产品来应对。
升级款胶原蛋白肽经期可以喝吗,升级款胶原蛋白肽经期可以喝吗,产品不添加任何的激素和类雌激素成分，经期可以放心喝。
喝酒后多久可以饮用胶原蛋白肽或亢唐饮,"喝酒后多久可以饮用胶原蛋白肽
喝酒后多久可以饮用亢唐饮",喝酒少的话没有影响，喝得多建议间隔2小时再饮用。如果喝酒较少，建议间隔2-3小时再喝；如果喝酒较多，建议间隔24小时后再喝。喝酒或吃中药后，需间隔两小时再喝胶原蛋白。建议喝酒后间隔2小时以上再喝。如果喝得多建议间隔4小时再饮用。
抗糖产品的作用和效果是什么,"抗糖产品的作用是什么
抗糖产品的效果是什么",抗糖产品的作用和效果包括抗糖化和抗氧化，减缓胶原蛋白流失，减少糖化反应，阻断黑色素堆积，改善肤色暗沉暗黄，减少细纹皱纹。其三段式抗糖化功能可多链路抵御AGES损伤，减少糖化产物AGES对皮肤的损伤，锁住胶原蛋白减少流失，改善皮肤暗沉发黄、长痘长斑、毛孔粗大、松弛等问题。抗糖还能减少身体对糖分的吸收，减少糖化反应对皮肤的损伤，作为抗衰产品能防止胶原蛋白流失、皮肤暗沉、发黄、长斑，与胶原蛋白肽搭配有1+1>2的效果，主要作用是抗衰。
哪些人群不建议或禁忌使用胶原蛋白肽,哪些人群不建议或禁忌使用胶原蛋白肽,备孕期、孕期、哺乳期女性不建议使用胶原蛋白肽；鱼类、海鲜、蛋白质过敏人群不建议使用；肾脏代谢异常者不能喝；癌症、肿瘤体质者建议咨询医生后再决定是否使用；糖尿病患者需遵医嘱；喝酒或吃中药后需间隔两小时再喝。
虾青素凝胶糖果的服用方法、注意事项及禁用人群有哪些,虾青素凝胶糖果的服用方法、注意事项及禁用人群有哪些,"虾青素凝胶糖果的服用方法为每天1粒，随餐或餐后15分钟温水吞服；注意事项包括存储方法为密封、避光、置阴凉干燥处保存；禁用人群为孕妇和哺乳期女性，同时鱼类、海鲜类过敏者不建议服用，孕期和哺乳期也不建议服用。
明胶外皮在高温下易发生变形或黏连，是产品特性，请在开封后尽快食用。"
胶原蛋白肽的饮用方式和注意事项有哪些,胶原蛋白肽的饮用方式和注意事项有哪些,胶原蛋白肽的饮用方式为每天1瓶，可在每晚睡前或白天饭后饮用，可直接喝或兑60度以下温水；25岁及以上、经期、压力大熬夜者建议每天1-2支，白天餐后半小时加睡前1支。注意事项包括：鱼类、海鲜、蛋白质过敏者及肾功能代谢异常者禁用；备孕、孕期、哺乳期不建议饮用；癌症、肿瘤患者需咨询医生；糖尿病患者需根据热量遵医嘱饮用；避免与酒类、浓茶类、药物类、咖啡类同服，建议间隔2小时以上，其中喝酒需间隔24小时，吃西药间隔2-4小时，中药遵医嘱，中成药间隔2-4小时；产品是食品级的，对疾病不会产生影响，但出于慎重建议咨询医生。开启后需冷藏(0-6℃)并在24小时内饮用完毕。
虾青素的储存方法是什么,虾青素的储存方法是什么,虾青素的储存方法是密封、避光、置阴凉干燥处保存。
肾脏代谢异常者是否可以饮用胶原蛋白肽,肾脏代谢异常者是否可以饮用胶原蛋白肽,肾脏代谢异常者不能饮用胶原蛋白肽，包括升级款胶原蛋白肽。肾功能异常人群不建议饮用。癌症、肿瘤病史或体质人群建议咨询医生后再决定是否使用。
经典款胶原蛋白肽如何服用,经典款胶原蛋白肽如何服用,经典款胶原蛋白肽建议每晚睡前饮用1支，每天1-2支，可直接饮用或兑温水（温度不超过60度）。25岁及以上、经期、压力大或熬夜人群建议每天1-2支，白天餐后半小时加睡前1支。经期、压力大或熬夜时建议饮用2支。喝酒或吃中药后需间隔两小时再喝。肾脏代谢异常者不能喝，癌症或肿瘤体质者建议咨询医生。可根据个体需求调整饮用时间和用量。
盲盒怎么打开,盲盒怎么打开,盲盒的密码是616，对齐侧边三角形下方或对准密码锁中间一条直线位置，输入该密码即可打开。
喝酒期间或前后是否可以饮用胶原蛋白肽和亢唐饮,"喝酒期间是否可以饮用胶原蛋白肽
喝酒前后是否可以饮用胶原蛋白肽
喝酒期间是否可以饮用亢唐饮
喝酒前后是否可以饮用亢唐饮",喝酒少的话没有问题，可以饮用胶原蛋白肽和亢唐饮，建议间隔2到3小时；如果喝酒较多，建议与产品饮用时间间隔4小时，部分情况下需间隔24小时。
美白精华液如何使用,美白精华液如何使用,美白精华液应在早晚洁面后取适量均匀涂抹于脸部，轻轻按摩至吸收，每天使用1次，每天一支即可，且需在水乳之间使用。初次使用需建立耐受，前3-5天取1-2滴涂抹脸颊边缘并按摩至吸收，无不适后可全脸使用，同时需避开眼周。敏感肌需在耳后做过敏测试，孕妇及哺乳期人群需遵医嘱使用，如出现不适请停止使用。
美白饮的建议饮用时间和方式是什么,美白饮的建议饮用时间和方式是什么,美白饮的建议饮用时间为每天餐后半小时，具体推荐早餐后或中餐后，白天饮用更佳。饮用方式为每天一瓶，开启后应立即饮用或在0-6°C冷藏并于24小时内饮用完毕。餐后饮用有助于益生菌存活率更高，时间相对灵活，但建议白天饮用。
胶原蛋白肽EGCG饮的核心成分、功效及临床实验支持情况如何,"胶原蛋白肽EGCG饮的核心成分是什么
胶原蛋白肽EGCG饮的功效是什么
胶原蛋白肽EGCG饮的临床实验支持情况如何",胶原蛋白肽EGCG饮的核心成分包括每50mL含8000mg胶原蛋白肽、100mg弹性蛋白肽、100mg专利EGCG、500mg壳寡糖、100mg透明质酸钠、专利原料CollaShieldPro（胶原护盾），以及GABA、锌、维生素C和烟酰胺等。其功效为锁水储水、补充胶原、防止流失、促进健康，具有补水、抗衰老、抗皱、美白、改善皮肤代谢和抗炎作用，适用于熟龄肌的胶原续航，综合改善皮肤松弛、细纹等问题。临床实验支持方面，与首都医科大学公共卫生学院合作，历时3个多月（15周），涉及208位受试者，证实可增加皮肤含水量、增强屏障功能，提升皮肤弹性；SGS进行了为期8周的真人实测，结果显示粗糙度改善+28.85%、紧致度改善+34.73%、细纹体积减少-22.14%、角质层含水量提升+38.86%、光泽度提升+89.90%。产品采用先进的胶原吸收技术和CollaShieldPro专利技术提升成分吸收效果。
备孕、孕期、哺乳期及经期是否可以饮用或使用胶原蛋白肽,备孕、孕期、哺乳期及经期是否可以饮用或使用胶原蛋白肽,备孕期间可以正常饮用胶原蛋白肽升级款，但若后续确认怀孕，建议停用其中的虾青素成分，胶原蛋白肽和富铁软糖可继续服用。备孕期、孕期、哺乳期不建议使用胶原蛋白肽及升级款胶原蛋白肽。鱼类、海鲜、蛋白质过敏人群不建议使用，肾脏代谢异常不能喝，癌症、肿瘤体质建议咨询医生。胶原蛋白肽是食品级的，对疾病不会产生影响，但出于慎重考虑建议咨询医生。产品不含激素、类雌激素，经期、备孕期、怀孕期、哺乳期都可以放心饮用。如果处于备孕、孕期或哺乳期阶段，建议选择经典款胶原蛋白肽维C饮；若没有这些情况，建议选择升级款生级肽。
美白精华的使用方法是什么,美白精华的使用方法是什么,美白精华的使用方法是每天使用1次，早或晚洁面后取适量均匀涂抹于脸部，轻轻按摩至吸收。敏感肌初次使用需在耳后做过敏测试，如发现皮肤不适，请停止使用。初次使用需建立耐受，避开眼周。孕妇及哺乳期人群遵医嘱使用。建议从小剂量一两滴开始建立耐受，再逐渐加量。与维A酸、维A醇类产品间隔30分钟，或采用早C晚A方式使用。正常使用时每次1-2吸管，早晚各一次，用在爽肤水和乳液之间。首次使用前建议在耳后测试，如出现不适或过敏应立即停用。前3-5天取1-2滴涂抹脸颊边缘，连续使用3-5天无不适后可全脸使用。
口服升级肽EGCG饮多久能看到效果,口服升级肽EGCG饮多久能看到效果,口服EGCG升级肽的效果时间因个体差异和皮肤代谢周期而异。1-2个周期后皮肤通道打开，状态改善，其中55岁皮肤代谢周期为65天，1-2个周期（65-130天）皮肤状态开始改善；43岁代谢周期约为53天，近两个月可见初步效果。2-3个皮肤代谢周期（约2-3个月）为基础补充期，喝到一个月皮肤真皮层开始变化，一个周期后皮肤真皮层的胶原蛋白和弹性蛋白开始发生改变。3-4个周期（4~6个月）稳定肌肤状态，肉眼可见变化越来越明显，3~4个周期（4~6个月）肉眼可见变化越来越明显，一般3个代谢周期（135-153天）皮肤更新代谢一次。6个周期后多维度抗衰，巩固效果，6个代谢周期（288-354天）内会看到明显的肉眼变化，肉眼可见效果一般在半年左右，4~6个月能看到肉眼可见的改变。1-2年为巩固维稳期，与同龄人拉开差距，长期饮用可改善肤色暗沉发黄、缩小毛孔、提升皮肤细腻度和含水量，时间越长效果越明显。28天皮肤新陈代谢周期结束后，皮肤相关数据发生变化。
饮酒前后多久可以饮用或服用产品,"饮酒前后多久可以饮用产品
饮酒前后多久可以服用产品",饮酒前后饮用或服用产品的时间间隔取决于饮酒量。如果饮酒较少，建议间隔2-3小时；如果饮酒较多，建议间隔4小时或24小时。部分意见指出，少量饮酒没有影响，而大量饮酒需与产品饮用间隔4小时或24小时。也有建议提到，饮酒后最好间隔24小时再饮用产品。
服用胶原蛋白肽期间需要忌口吗有哪些忌口,"服用胶原蛋白肽期间需要忌口吗
服用胶原蛋白肽期间有哪些忌口",服用胶原蛋白肽期间，酒类、浓茶类、药物类、咖啡类建议间隔2小时以上服用。
富铁软糖的每日推荐服用剂量是多少，不同人群的用量及一次性服用建议如何,"富铁软糖的每日推荐服用剂量是多少
富铁软糖不同人群的用量如何
富铁软糖一次性服用建议如何",推荐每天3粒，开袋即食，不限时间
升级肽每天什么时候喝最好,升级肽每天什么时候喝最好,睡前30分钟—60分钟直接饮用，每日不超过5瓶。根据自己的口感可以直接饮用或兑80-100ml温水，水温建议不超过60℃。(注：肠胃敏感（辛辣冷刺激后腹部不适、腹泻）着建议兑温水服用）
哪些人群不建议使用升级款胶原蛋白肽,哪些人群不建议使用升级款胶原蛋白肽,婴幼儿、孕妇及哺乳期妇女，对鱼、虾、蟹等水产品过敏者不可使用，其余人群均可使用（产品中因为添加了透明质酸，透明质酸因为伦理问题，不能做婴幼儿孕妇及哺乳期临床，在婴幼儿、孕妇和哺乳期妇女人群中的食用安全性资料不足，从风险预防原则考虑，上述人群不宜服用）喝酒的人或喝酒后需要与喝酒间隔24小时才能喝升级款胶原蛋白肽。吃药情况下，西药需间隔2-4小时；中药（自己煎煮）需遵医嘱；中成药需间隔2-4小时。
升级款胶原蛋白肽在备孕期、孕期和哺乳期是否可以饮用,升级款胶原蛋白肽在备孕期、孕期和哺乳期是否可以饮用,备孕期、孕期和哺乳期不建议使用升级款胶原蛋白肽。肾脏代谢异常不能喝升级款胶原蛋白肽。癌症、肿瘤体质建议咨询医生。
升级款胶原蛋白肽的主要功效和作用是什么,升级款胶原蛋白肽的主要功效和作用是什么,补：鱼胶原蛋白肽8000mg+鱼弹性蛋白肽100mg，双重促进，锁紧胶原弹力网，在配料表中排名第一护：添加专利原料CollaShieldPro胶原护盾（多通路降低AGEs对胶原蛋白及弹性蛋白的损伤，源头减少胶原蛋白流失）促：复配成分：GABA（γ-氨基丁酸）、维C、锌和烟酰胺，好环境+好营养，高效促进胶原合成GABA（γ-氨基丁酸）：GABA帮助平静、改善睡眠，改善皮肤弹性弹性蛋白合成和弹性蛋白纤维形成。维C：维生素Ｃ具有增加皮肤I型胶原蛋白合成锌：锌有助于皮肤健康。烟酰胺：有助于维持皮肤和黏膜健康锁：真皮锁水：EGCG、壳寡糖、透明酸钠EGCG：对透明质酸酶有较强的抑制作用，减少透明质酸的分解透明质酸钠：真皮锁水，增加体内透明质酸合成壳寡糖：真皮锁水，壳寡糖与透明质酸有类似的结构（每日安全摄入量≤500mg）
哪些人群不能或不建议饮用升级肽EGCG饮,"哪些人群不能饮用升级肽EGCG饮
哪些人群不建议饮用升级肽EGCG饮",婴幼儿、孕妇及哺乳期妇女，对鱼、虾、蟹等水产品过敏者（产品中因为添加了透明质酸，透明质酸因为伦理问题，不能做婴幼儿孕妇及哺乳期临床，在婴幼儿、孕妇和哺乳期妇女人群中的食用安全性资料不足，从风险预防原则考虑，上述人群不宜服用）喝药情况下，如果是自己煎煮的中药，需遵医嘱；如果是中成药，需间隔2-4小时
升级款EGCG饮2.0的使用方法和保存方式是什么,"升级款EGCG饮2.0的使用方法是什么
升级款EGCG饮2.0的保存方式是什么",升级款EGCG饮2.0的使用方法是每天1支，建议睡前饮用，如不吃晚饭可在白天饭后饮用，可以直接拧开喝或兑60℃以下温水。密封、避光、置阴凉干燥处保存。
升级款EGCG饮2.0的禁忌人群和饮用注意事项有哪些,"升级款EGCG饮2.0的禁忌人群有哪些
升级款EGCG饮2.0的饮用注意事项有哪些",升级款EGCG饮2.0的禁忌人群和饮用注意事项包括：忌口酒类、浓茶类、药物类、咖啡类，建议间隔4小时以上；对鱼、虾、蟹等水产品过敏者不能饮用；癌症、肿瘤体质或病史者需咨询医生；糖尿病患者需遵医嘱饮用；备孕期、孕期、哺乳期不建议使用；肾脏代谢异常者不能饮用。
升级肽和亢唐可以一起使用吗如何搭配饮用,"升级肽和亢唐可以一起使用吗
升级肽和亢唐如何搭配饮用",升级肽每天晚上睡前喝一支，用于补充胶原蛋白；亢唐建议在每天吃得最多的一餐前半小时或随餐饮用一支饮品并吞服一袋压片糖果，用于抗糖化。
口服胶原蛋白肽的保养周期分为几个阶段，每个阶段的效果是什么,"口服胶原蛋白肽的保养周期分为几个阶段
口服胶原蛋白肽的保养周期每个阶段的效果是什么",皮肤是从内往外生长的过程，口服保养的过程大概可以分为3个，1-2个周期，皮肤通道打开，状态改善；，3-4周期，针对皮肤问题，稳定肌肤状态；6个周期之后，多维度的抗衰，巩固前序效果；坚持4-6个周期都是有肉眼可见的变化
胶原蛋白肽维C饮的口感、配方特点、主要成分、分子量、吸收情况及功能是什么,胶原蛋白肽维C饮的口感、配方特点、主要成分、分子量、吸收情况及功能是什么,胶原蛋白肽维C饮具有酸酸甜甜的果汁味道，一点都不腥，口感还可以，冰凉口感更佳，可放冰箱，平时常温避光保存即可。产品为小分子肽，分子量小于5000道尔顿，能被小肠快速吸收。配方包含胶原蛋白肽、EGCG（表没食子儿茶素-3-二没食子酸酯）、弹性蛋白肽、玻尿酸和维生素C，每支含1667mg胶原蛋白肽，建议每日摄入5000mg以上。主要功能是补充、保护和促进胶原蛋白，具有补水和抗衰老双重效果，适用于轻熟肌日常胶原流失的补充，复合配方使效果更直接。
白密码白番茄饮的作用、饮用方法、注意事项及适用人群是什么,白密码白番茄饮的作用、饮用方法、注意事项及适用人群是什么,"白密码白番茄饮通过三段式调理实现内调美白，包括源头抑制黑色素生成、加速黑色素代谢及阻断反黑，适合长期使用改善肤色。饮用方法为每天1瓶直接饮用，开启后需及时饮用或于0-6°C冷藏并在24小时内饮用完毕，建议饭后饮用以避免空腹导致胃刺激。注意事项包括鱼类过敏、肾功能代谢异常者不能饮用；备孕期、怀孕期、哺乳期不建议饮用；癌症、肿瘤患者需咨询医生；
本品如有沉淀或颜色变化为正常现象，请摇匀后饮用。
若发现破损，请勿饮用。"
产品口感如何,产品口感如何,产品口感酸酸甜甜，类似果汁味，不腥不油腻，容易接受和坚持。
白芸豆粉剂的作用及使用方法是什么,"白芸豆粉剂的作用是什么
白芸豆粉剂的使用方法是什么",白芸豆粉剂的作用是从食物源头阻碍淀粉和蔗糖的分解吸收，减少糖化反应对皮肤细胞的损伤。使用方法为建议中餐或晚餐餐前或随餐服用，每天1条，用40-50度以下温水60-80毫升冲服。甲亢患者不建议饮用，低血糖者不建议空腹喝，可随餐服用。
服用虾青素有哪些注意事项,服用虾青素有哪些注意事项,孕期和哺乳期不建议服用虾青素。服用虾青素期间应避免与药物、茶、咖啡同时服用，需间隔两小时；少量饮酒需间隔两小时，大量饮酒则需间隔六小时。对虾青素或成分过敏者不宜使用。每天一粒，随餐或餐后15分钟用温水吞服。需密封、避光、置阴凉干燥处保存。明胶外皮在高温下易发生变形或黏连，是产品特性，请在开封后尽快食用。
经典肽的使用方法和注意事项是什么,"经典肽的使用方法是什么
经典肽的注意事项是什么",经典肽每天建议饮用1-2支，睡前饮用，可直接饮用或兑80-100ml温水（温度不超过60度）。25岁及以上、经期、压力大或熬夜人群建议每天饮用1-2支，白天餐后半小时加睡前1支，如不吃晚饭可在白天饭后饮用。对鱼、虾、蟹等水产品过敏者及肾脏代谢异常者不能饮用；癌症、肿瘤体质者建议咨询医生；糖尿病患者需根据热量遵医嘱饮用。产品不含激素、类雌激素，经期、备孕期、怀孕期、哺乳期可以放心饮用。喝酒需间隔24小时；吃西药间隔2-4小时；吃中药遵医嘱；中成药间隔2-4小时。存在个体差异，25岁以上、熬夜、焦虑时每日可选择2支。
升级肽的主要成分、功效及原料来源是什么,"升级肽的主要成分是什么
升级肽的功效是什么
升级肽的原料来源是什么",升级肽的主要成分包括每瓶添加的8000mg胶原蛋白肽、100mg弹性蛋白肽、500mg壳寡糖、100mg EGCG、100mg透明质酸钠（玻尿酸），以及三大玻尿酸核心成分和1000道尔顿以下的小分子低聚肽。其功效为既补水又补胶原，具有6倍补水效果，能帮助补充胶原蛋白，改善皮肤含水量、饱满度、光泽度、细腻度和细纹，同时补水锁水、抗衰老，改善干燥细纹和皱纹，吸收率高达98%以上。原料来源为酶解胶原蛋白，来源于鱼皮、鱼鳞，经菠萝蛋白酶和枯草芽孢杆菌蛋白酶酶解制成，属于普通食品原料，有食用历史，已通过国家相关公告批准，可作为普通食品生产经营，安全性高。
孕期和哺乳期可以服用虾青素凝胶糖果吗,孕期和哺乳期可以服用虾青素凝胶糖果吗,孕期和哺乳期不建议服用虾青素凝胶糖果。
喝酒期间或酒后可以喝胶原蛋白肽吗,"喝酒期间可以喝胶原蛋白肽吗
酒后可以喝胶原蛋白肽吗",喝酒期间或酒后饮用胶原蛋白肽需根据饮酒量间隔时间，饮酒少时建议间隔2至4小时，饮酒多时建议间隔24小时或当天暂停服用。少量饮酒通常没有影响，但饮酒较多时需间隔4小时以上。酒精完全代谢需要24小时，且饮酒可能影响胶原蛋白肽的吸收。此外，肾脏代谢异常者不能饮用，癌症或肿瘤体质者建议咨询医生。西药和中成药需间隔2至4小时，中药则需遵医嘱。
产品口感是否偏酸或偏甜,产品口感是否偏酸或偏甜,产品口感适中，属于容易接受的范围，良好的口感有助于长期坚持服用。如果觉得甜，可以兑温水饮用，口感会变淡。产品中添加的是代糖，不含蔗糖。
富铁软糖每粒含铁量是多少，补铁效果如何,富铁软糖每粒含铁量是多少，补铁效果如何,每粒富铁软糖含铁4.6mg，每瓶60粒，每日3粒可摄入13.8mg铁，满足女性每日补铁需求。其含5种有机铁：EDTA铁钠、血红素铁、甘氨酸亚铁、葡萄糖酸亚铁、富马酸亚铁，并复配血蛋白多肽、花青素和维生素C促进铁吸收。补铁效果相当于255g枸杞子、1150g红枣、475g菠菜或492g牛肉的铁含量，每粒含铁量严格按照标准标注不虚标，5粒可提供每日推荐摄入量（RDA）的10%。富铁软糖是补铁产品。
产品如何保存,产品如何保存,产品无需冷藏，常温避光保存即可。产品应放在常温避光处保存，若喜欢冰凉口感可放入冰箱冷藏。常温保存即可，无需放冰箱。放在阴凉避光处保存即可，不需要放冰箱；如果喜欢喝冰的，可以冷藏。建议将产品放在阴凉处保存，避免阳光直射；有条件可放入冰箱，但饮用时可兑半瓶温水，不影响效果。
使用美白精华液有哪些注意事项,使用美白精华液有哪些注意事项,使用美白精华液时，孕妇及哺乳期人群应遵医嘱使用，初次使用需建立耐受以避免敏感肌或皮肤不耐受引起刺激，敏感肌需在耳后做过敏测试，需先在脸颊边缘建立耐受，适应后再全脸使用，前3-5天取1-2滴涂抹脸颊边缘建立耐受，适应后可全脸使用，如皮肤不适请停止使用，并需避开眼周。
白密码建议什么时候喝,白密码建议什么时候喝,白密码建议在早餐后饮用效果最佳，也可以在早饭后半小时、中餐后半小时、晚饭前或睡前饮用，每日1瓶，早晚饮用都可以，餐后饮用效果最佳。
胶原蛋白肽产品的科学依据、临床支持及实际效果如何,"胶原蛋白肽产品的科学依据如何
胶原蛋白肽产品的临床支持如何
胶原蛋白肽产品的实际效果如何",五个女博士胶原蛋白肽产品是复配成分，除补充胶原蛋白外，还拥有独家专利配方，可防止自身胶原流失并促进胶原合成。其科学依据包括与首都医科大学公共卫生学院合作开展的临床实验，208位受试者连续服用15周后，皮肤水分、屏障功能和黏弹性均有显著改善；同时与北大医学-青颜博识皮肤营养与抗衰老联合实验室合作，是胶原蛋白肽团体标准的制定者，拥有多项专利，首席科学家为北京大学医学部李勇教授。临床支持方面，SGS8周真人实测显示光泽度提升89.90%、角质层含水量增加38.86%、紧致度改善34.73%、皮肤弹性提升23.39%、细纹体积减少22.14%、粗糙度改善28.85%；首都医科大学实验也证实连续服用15周可显著改善皮肤状态。实际效果表现为四个阶段：初期肤色和水分恢复，中期光泽度、含水量、弹性提升及色斑皱纹减少，后期状态稳定改善，峰值阶段达到最佳健康状态；坚持饮用一个月真皮层开始变化，4-6个月可见明显改善。产品连续三年全国销量第一，销量超过3亿至4亿，被央视、人民日报等权威媒体报道，用户反馈积极。
升级肽的主要功效是什么,升级肽的主要功效是什么,升级肽的主要功效是补充胶原蛋白和玻尿酸，使皮肤更加饱满细腻、有弹性，改善皮肤皱纹，让皮肤更水嫩。它具有补充胶原蛋白和补水双重功能，添加了三大玻尿酸相关原料，既能补水又可补胶原，具有6倍补水功能，让皮肤更水润。升级肽能解决法令纹问题，并添加了胶原护盾技术，减少胶原蛋白流失，锁住基底胶原。它主要补充身体流失的胶原蛋白，额外添加玻尿酸等成分，具有抗衰老、提升皮肤细腻度、含水量和饱满度的作用，同时能提高皮肤真皮层的补水锁水能力，为胶原蛋白创造更好的生存环境，从而延缓皮肤衰老。坚持饮用可改善皮肤状态，实现多维度抗衰，25岁以上人群每天喝1瓶即可。每瓶添加8000mg胶原蛋白肽和100毫克弹性蛋白，补胶原紧致皮肤。
升级肽和白密码是否可以一起服用或搭配使用,"升级肽和白密码是否可以一起服用
升级肽和白密码是否可以搭配使用",升级肽和白密码可以一起服用或搭配使用。建议白密码在早上饭后饮用，升级肽在晚上睡前饮用，两者互不影响且功效不冲突。升级肽主要补充胶原蛋白和玻尿酸，提升代谢，辅助淡化斑点，抗衰老；白密码主要针对黑色素代谢，美白淡斑。两者搭配使用效果更全面，可达到1+1>2的效果。
SGS8周真人实测的产品效果及具体数据是什么,"SGS8周真人实测的产品效果是什么
SGS8周真人实测的具体数据是什么",SGS8周真人实测的产品效果包括角质层含水量增加42.27%，皮肤光泽度增加35.27%，黑色素含量减少18.08%，皮肤色度增加17.74%，皮肤弹性增加10.10%，紧致度改善12.63%，眼角皱纹减少29.91%，色斑面积减少21.11%，色斑个数减少25.12%，粗糙度改善28.85%，细纹体积减少22.14%，光泽度提升89.90%。坚持使用4-6个月可看到肉眼可见的改善，时间越久效果越明显。
经典款胶原蛋白肽的使用方法和注意事项有哪些,"经典款胶原蛋白肽的使用方法有哪些
经典款胶原蛋白肽的注意事项有哪些",经典款胶原蛋白肽的使用方法和注意事项包括：每日1-2支。喝酒或吃中药后需间隔两小时再饮用，鱼虾海鲜类过敏者不建议饮用，肾脏代谢异常者不能饮用，癌症、肿瘤体质者建议咨询医生后再使用，产品为食品级饮品对疾病不会产生影响，酒类、浓茶、药物、咖啡类需与服用间隔两小时以上。开启后需冷藏(0-6℃)并在24小时内饮用完毕。
孕妇及哺乳期能否使用美白淡斑精华液,孕妇及哺乳期能否使用美白淡斑精华液,孕妇及哺乳期人群建议遵医嘱使用美白淡斑精华液。孕妇及哺乳期人群使用需遵医嘱。孕妇及哺乳期人群使用美白淡斑精华液需遵医嘱。孕妇及哺乳期人群需遵医嘱使用。孕妇及哺乳期人群遵医嘱使用。
升级款胶原蛋白肽肾脏代谢异常者可以喝吗,升级款胶原蛋白肽肾脏代谢异常者可以喝吗,肾脏代谢异常不能喝，癌症、肿瘤病史建议咨询医生。
升级肽EGCG饮的成分、功效、作用机制、科学依据及口感如何,"升级肽EGCG饮的成分是什么
升级肽EGCG饮的功效是什么
升级肽EGCG饮的作用机制是什么
升级肽EGCG饮的科学依据是什么
升级肽EGCG饮的口感如何",EGCG升级肽含有8000mg胶原蛋白肽、500mg壳寡糖、100mg EGCG和100mg透明质酸钠，其成分可补充胶原蛋白和玻尿酸，帮助补水锁水，改善皮肤干燥，起到保养和延缓衰老的作用。低聚肽无需分解可直接吸收，但需持续饮用以补充流失。功效方面，SGS实验室检测报告显示坚持使用8周后皮肤弹性、含水量、光泽度提升，细纹减少，多数用户在4~6个月后有肉眼可见变化。作用机制为补充胶原蛋白并帮助皮肤深层补水。口感好喝，若觉得偏甜可兑温水饮用且效果不变。
胶原蛋白肽每瓶的热量是多少，减脂期可以饮用吗,胶原蛋白肽每瓶的热量是多少，减脂期可以饮用吗,每瓶胶原蛋白肽热量不到50大卡，约等于半个苹果，减脂期可以放心饮用。
备孕、孕期、哺乳期及肾脏代谢异常者是否可以饮用升级肽,备孕、孕期、哺乳期及肾脏代谢异常者是否可以饮用升级肽,备孕、孕期、哺乳期及肾脏代谢异常者不建议饮用升级肽，产品注意事项中明确指出这些人群不能喝升级肽。备孕时间较长可以饮用升级肽，但如果随时可能怀孕，建议直接更换为经典肽饮用，备孕要喝经典肽。
皮肤暗沉发黄的原因是什么,皮肤暗沉发黄的原因是什么,皮肤暗沉发黄的原因包括糖化、营养不足和黑色素沉积。糖化是指食物中未被吸收的糖分与蛋白质结合生成糖基化终末产物（AGEs），长期积累会导致皮肤暗沉、发黄、毛孔变大和松弛，碳水化合物摄入也可能引发糖化反应。皮肤暗黄还由于基底层的营养补充不足，导致肌底层细胞新陈代谢速度减慢，黑色素生成速度增加。肤色暗沉的本质是基底层黑色素不断沉积且未能及时代谢出去所致。
孕期和哺乳期可以服用虾青素吗,孕期和哺乳期可以服用虾青素吗,孕期和哺乳期不建议服用虾青素。
胶原蛋白肽的保养周期和效果阶段是怎样的,"胶原蛋白肽的保养周期是怎样的
胶原蛋白肽的效果阶段是怎样的",胶原蛋白肽的保养周期和效果阶段分为：2-3个月为基础补充期，4-6个月为快速提升期，6个月后进入效果放大及维稳期，7-12个月为维稳储能期，1-2年为最佳巩固期。持续使用可巩固效果，与同龄人拉开皮肤状态差距。需长期坚持，想见效快可尽量早睡、做好防晒避免光老化、采用抗糖化饮食减缓胶原流失。
升级肽EGCG饮在什么时间饮用吸收最好,升级肽EGCG饮在什么时间饮用吸收最好,升级肽EGCG饮建议每天一瓶，每晚睡前或白天饭后饮用，其中睡前半小时饮用效果更佳，例如九点到九点半。产品中的GABA成分具有安全助眠作用，且胶原蛋白在晚上合成更利于吸收。虽然早上可以饮用，但建议晚上睡前饮用更好。不要空腹喝，同时备孕、孕期、哺乳期女性不建议饮用，鱼类过敏、肾功能代谢异常者禁用，癌症、肿瘤患者需咨询医生。
虾青素凝胶糖果的功效、适用人群、主要成分及特点是什么,虾青素凝胶糖果的功效、适用人群、主要成分及特点是什么,虾青素凝胶糖果的功效包括改善因熬夜导致的皮肤暗沉和肤色提亮问题，具有抗氧化作用，能减少自由基对皮肤细胞的破坏，防止胶原蛋白流失，改善皮肤弹性，延缓皮肤暗沉、松垮和皱纹，其抗氧化能力是维生素C的6000倍。适用人群为各种肤质，不限人群，但孕妇和哺乳期女性禁用。主要成分为一粒含12mg专利左旋虾青素，采用专研高奢AET系统，包含专利虾青素、专利麦角硫因和进口白番茄。特点包括5倍高纯度、非化工萃取、高活性，采用物理破壁和CO超临界萃取技术保留生物活性，一粒12mg专利左旋虾青素等于其他4mg虾青素的3倍效果。对毛孔问题建议搭配胶原蛋白产品使用。服用方法为每天1粒，随餐或餐后15分钟用温水吞服。
产品需要冷藏保存吗,产品需要冷藏保存吗,产品不需要放冰箱，常温保存即可，可以常温避光保存，避免太阳直射。产品放在阴凉避光处保存即可，不需要放冰箱。夏天天气热的话也可以放冰箱冷藏，若喜欢冰饮可冷藏后饮用，但女性不建议饮用过冰的产品。
美白饮的建议用量、饮用方式及注意事项是什么,"美白饮的建议用量是什么
美白饮的饮用方式是什么
美白饮的注意事项是什么","美白饮的建议用量为每天1瓶，饮用方式为餐后半小时直接饮用，开启后需及时饮用或于0-6°C冷藏并在24小时内饮用完毕，也可将粉末倒入口中送水咽下或加入37°C以下的水或牛奶冲调食用。注意事项包括鱼类过敏、肾功能代谢异常者禁用，备孕期、怀孕期、哺乳期不建议饮用，癌症肿瘤患者需咨询医生。本品如有沉淀或颜色变化为正常现象，请摇匀后饮用。
若发现破损，请勿饮用。"
EGCG的饮用方式和注意事项是什么,EGCG的饮用方式和注意事项是什么,EGCG每天饮用1支，可在每晚睡前或白天饭后饮用，可直接喝或兑60度以下温水。禁忌人群包括鱼类过敏者、肾功能代谢异常者、备孕期、怀孕期、哺乳期女性，癌症或肿瘤患者需咨询医生后使用。
复合益生菌固体饮料的作用是什么,复合益生菌固体饮料的作用是什么,复合益生菌固体饮料的作用包括调节肠道菌落和菌群，缓解便秘，含有膳食纤维有助于维持正常的肠道功能，含有活菌型益生菌和膳食纤维可促进肠道蠕动并维持肠道菌群健康。建议每天早晨空腹用60度以下温水冲服1-2袋，可与胶原蛋白肽搭配使用，但腹泻患者不建议使用，服用抗生素期间需间隔2-3小时。
白密码的使用方法和注意事项是什么,"白密码的使用方法是什么
白密码的注意事项是什么","白密码的使用方法和注意事项如下：每天饮用1瓶，直接饮用，开启后需及时饮用或于0-6°C冷藏并在24小时内饮用完毕；早晚饮用均可，餐后饮用效果最佳。本品含有植物成分，有沉淀属正常现象，摇匀后食用；如遇胀盖、漏液等现象请勿饮用，不适时立即停止服用。鱼类过敏、肾功能代谢异常者不能饮用；备孕期、怀孕期、哺乳期不建议饮用；癌症、肿瘤患者建议咨询医生；婴幼儿、孕妇及哺乳期妇女不宜食用。
本品如有沉淀或颜色变化为正常现象，请摇匀后饮用。
若发现破损，请勿饮用。"
升级肽如何服用,升级肽如何服用,每天一瓶，建议晚上睡前饮用或白天饭后饮用；直接饮用或兑60度以下的温水，如不吃晚饭可在白天饭后饮用；一天一包，与经典肽/胶原蛋白肽不混用，白天餐后6小时内喝，晚上睡前喝。
升级肽和抗糖产品能否搭配使用，效果如何，以及如何与其他保健品如维C、叶酸、B12、螺旋藻等同服,"升级肽和抗糖产品能否搭配使用
升级肽和抗糖产品效果如何
升级肽和抗糖产品如何与维C同服
升级肽和抗糖产品如何与叶酸同服
升级肽和抗糖产品如何与B12同服
升级肽和抗糖产品如何与螺旋藻同服",升级肽和抗糖产品可以搭配使用，1盒升级肽可搭配1盒抗糖产品，实现1+1>2的效果。抗糖产品减少胶原蛋白流失，升级肽补充胶原蛋白，两者搭配是一补一堵，能更快看到皮肤改善，使皮肤更饱满细腻有弹性，同时抗糖产品还能抗糖化、抗氧化，减少糖化反应，阻断黑色素堆积，改善肤色暗沉暗黄，减少细纹皱纹。可以搭配一起喝，抗糖在每天热量最高的一餐前喝，升级肽在每晚睡前半小时喝。产品内含维C和抗氧化成分，可替代部分保健品，建议与其他补充剂如维C、叶酸、B12、螺旋藻等间隔两小时服用，维C可暂停使用。抗糖饮和白芸豆是配套使用，固液分离，活性更高，效果更好。年卡用户可按1:1比例兑换产品。
癌症或肿瘤体质的人能否服用胶原蛋白肽,癌症或肿瘤体质的人能否服用胶原蛋白肽,癌症、肿瘤体质的人建议咨询医生后再决定是否服用胶原蛋白肽，因为产品为食品级，不会对疾病产生影响，但出于慎重考虑仍需咨询医生。
服用胶原蛋白肽饮品多久能看到明显效果,服用胶原蛋白肽饮品多久能看到明显效果,服用五个女博士胶原蛋白肽饮品后，口服代谢周期为46天一个周期，1-2个周期皮肤状态开始改善，3-4个周期稳定肌肤，6个周期后可实现多维度抗衰。一般需要3个代谢周期（约3个月或159天）可以看到明显的肉眼变化，因为皮肤完成一次完整更新需要约28天，超过18岁后代谢周期为年龄+10天。2-3个月为基础补充期，4-6个月为快速提升期，7-12个月为维稳储能期，1-2年为最佳巩固期。喝到一个月皮肤真皮层开始发生变化，4~6个月慢慢看到肉眼可见的改变，时间越长效果越明显。根据大部分用户反馈，坚持饮用5个周期（约245天或300天）后会有肉眼可见的明显变化，70岁可能需要饮用一年以上效果会更明显，产品为食品级，可长期服用。
皮肤代谢周期是多久，需要几个周期才能看到肉眼可见的效果,皮肤代谢周期是多久，需要几个周期才能看到肉眼可见的效果,正常是28天，但随着年龄增长会变慢，18岁以后的皮肤新陈代谢周期为实际年龄加上10岁左右。一个代谢周期后皮肤真皮层的胶原蛋白和弹性蛋白开始发生改变，更加饱满紧致；3到4个周期后肉眼可见变化越来越明显；1~2个周期为皮肤真皮层通道打开阶段；3~4个周期（约4~6个月）开始出现肉眼可见效果；1~2年为巩固维稳阶段，坚持1到2年可以巩固维稳，与同龄人拉开差距。
补充胶原蛋白的作用和必要性是什么,"补充胶原蛋白的作用是什么
补充胶原蛋白的必要性是什么",25岁后胶原蛋白逐渐流失，会导致皮肤松弛、皱纹、干燥、色斑、暗沉、屏障受损，还可能引发骨质疏松、关节疼痛等问题。补充胶原蛋白可提升皮肤弹性与水润度，减少皱纹，改善面部细纹和轮廓，对抗皮肤衰老，有助于骨骼和关节健康。坚持补充胶原蛋白，当补充量大于流失速度时，皮肤状态会逐渐变好，可实现多维度抗衰老。
胶原蛋白肽维C饮的推荐饮用时间和方式是什么,胶原蛋白肽维C饮的推荐饮用时间和方式是什么,胶原蛋白肽维C饮的推荐饮用时间为每天1-2支，睡前饮用最佳，白天可选择餐后半小时饮用1支；25岁以上、经期、压力大、熬夜人群建议每天1-2支，30岁及以上人群建议每天喝2支；饮用方式为直接饮用或兑80-100ml不超过60度的温水，不要空腹超过6小时饮用；对鱼虾蟹等水产品过敏者、肾脏代谢异常者禁用，癌症或肿瘤体质者建议咨询医生。
饮用胶原蛋白肽维C饮多久能看到效果,饮用胶原蛋白肽维C饮多久能看到效果,饮用胶原蛋白肽维C饮后，一个周期（43天）皮肤真皮层的胶原蛋白和弹性蛋白开始改变，更加饱满紧致；一般饮用8周左右，皮肤的含水量、饱满度、弹性、细腻度会有所改善，皮肤光泽度、含水量、弹性等指标开始发生变化。坚持3~4个周期（约4~6个月）开始出现肉眼可见的效果，大部分用户反馈坚持4~6个月后有肉眼可见的改善；3个代谢周期（117天或135天）可观察到皮肤新陈代谢的变化或明显改善，6个代谢周期（234天）或6个周期后改善非常明显。口服周期分为四个阶段：2-3个月为基础补充期，4-6个月为快速提升期，7-12个月为维稳储能期，1-2年为最佳巩固期；坚持3~4个周期（约1~2年）肉眼可见变化越来越明显，1到2年是巩固维稳阶段。胶原蛋白需要一定时间代谢循环才能作用在皮肤表皮层，需要长期坚持喝，见效需要时间。
中奖后如何兑换奖品,中奖后如何兑换奖品,发送订单截图申请兑奖码后，会发送兑奖二维码，扫码填写地址并支付0.01元后提交订单，完成后安排发货；
虾青素凝胶糖果的服用时间是饭前、饭后还是随餐，早晚或中午服用是否有区别,虾青素凝胶糖果的服用时间是饭前、饭后还是随餐，早晚或中午服用是否有区别,虾青素凝胶糖果的服用时间是每天一粒，随餐或餐后15分钟用温水吞服，建议中午或晚上服用，因为虾青素是脂溶性的，跟肉一起吃吸收效果会更好，午餐或晚餐后服用更佳。孕期和哺乳期不建议服用。储存方法为密封、避光、置阴凉干燥处保存。
抗糖产品是什么及其特点和作用,"抗糖产品是什么
抗糖产品有什么特点
抗糖产品有什么作用",抗糖产品是‘每日亢唐’营养素饮品、白芸豆压片糖果+亢唐饮品、FIVEDOCTORS品牌的抗糖化饮品或每日亢唐雨生红球藻虾青素植物饮品，包含一瓶饮品和一袋压片糖果，采用固液分离设计，实现三段式抗糖（源头阻断、降低生成和积累、抑制伤害）。其特点为市面上唯一三段式抗糖饮品，多链路抵御AGES损伤，具有抗糖化、抗氧化功能。作用包括减少胶原蛋白流失，延缓皮肤衰老，抑制糖化反应对皮肤的损伤，阻断黑色素沉积，改善皮肤暗沉发黄、松垮下垂、斑点、毛孔、干纹、细纹、粗糙等问题，提高皮肤代谢能力，主要用于抗衰抗老化，配合胶原蛋白肽使用可改善皮肤糖化导致的暗沉发黄问题，并具有拦截糖分、阻断老化和修复损伤的功能。
白密码和美白精华的使用方法、功效及是否为内服外用组合是什么,"白密码和美白精华的使用方法是什么
白密码和美白精华的功效是什么
白密码和美白精华是否为内服外用组合",白密码为内服产品，建议每天早餐后喝1瓶，直接饮用或于0-6°C冷藏并于24小时内饮用完毕，鱼类过敏、肾功能代谢异常者不能饮用，备孕期、怀孕期、哺乳期不建议饮用，癌症肿瘤患者建议咨询医生。美白精华为外用产品，早晚洁面后取适量涂抹脸部，轻轻按摩至吸收，应在晚上洁面后、爽肤水和乳液之间使用，初次使用需建立耐受，避开眼周，敏感肌需在耳后做过敏测试，如皮肤不适请停止使用，孕妇及哺乳期人群遵医嘱使用。白密码和美白精华适用于肤色不均、斑点、皮肤暗沉、色素沉着、紫外线晒红晒伤修复和美白需求的人群。
胶原蛋白肽饮品的饮用方法、建议用量及口感调整方式是什么,"胶原蛋白肽饮品的饮用方法是什么
胶原蛋白肽饮品的建议用量是什么
胶原蛋白肽饮品的口感调整方式是什么",五个女博士胶原蛋白肽饮品的饮用方法为每天1-2支，睡前饮用，可以直接饮用或兑80-100ml温水（建议不超过60度），若觉得甜可用温水兑饮，喝完后也可喝点温水缓解甜味。建议用量为每天1瓶，25岁以上、熬夜或焦虑时可选择每日2支，开启后请及时饮用或于0-6°C冷藏，并在24小时内饮用完毕。口感调整方式为若觉得甜可用温水兑饮，喝完后也可喝点温水缓解甜味。
白芸豆阿拉伯糖固体饮料是什么及其功效和作用,"白芸豆阿拉伯糖固体饮料是什么
白芸豆阿拉伯糖固体饮料的功效是什么
白芸豆阿拉伯糖固体饮料的作用是什么",白芸豆阿拉伯糖固体饮料是一种帮助减少淀粉和蔗糖吸收的产品，含有白芸豆提取物，主要功效是可以减少多余淀粉以及蔗糖的分解和吸收，建议饭后半小时兑温水喝一包。
胶原蛋白肽维C饮适合哪些人群饮用,胶原蛋白肽维C饮适合哪些人群饮用,胶原蛋白肽维C饮适合20岁以上初步出现胶原流失的轻熟肌人群，尤其推荐25岁左右以及孕期、备孕、哺乳期阶段人群饮用，产品不含激素和类雌激素，经期、备孕期、怀孕期、哺乳期可以放心饮用，建议每天喝两瓶。
使用美白精华液的注意事项和使用方法是什么,"使用美白精华液的注意事项是什么
使用美白精华液的使用方法是什么",使用美白精华液的注意事项和使用方法包括：孕妇及哺乳期人群应遵医嘱使用；每天使用一次；前3-5天取1-2滴涂抹脸颊边缘建立耐受，适应后可全脸使用；敏感肌需先在耳后做过敏测试，如有不适需停止使用；洁面后取适量涂抹脸部并按摩至吸收；初次使用需建立耐受。
维C饮的服用建议和剂量是什么,维C饮的服用建议和剂量是什么,25岁以下每天一支，25岁以上每天两支。
衰老的三大杀手是什么及如何防御,"衰老的三大杀手是什么
如何防御衰老的三大杀手",衰老的三大杀手是紫外线、氧化和糖化。防御方法包括：针对紫外线使用防晒和美白产品（口服或外用）；针对氧化补充胶原蛋白和抗糖化；针对糖化进行抗糖化。紫外线会诱发蛋白和糖的反应（AGEs），氧化会加快自由基和蛋白的产生，糖化反应会导致AGEs的堆积并加剧氧化反应。三者相互影响，紫外线诱发蛋白糖化，氧化加快自由基生成，糖化与氧化反应加剧形成恶性循环加速衰老。
胶原蛋白肽饮品的饮用方法、注意事项及忌口有哪些,"胶原蛋白肽饮品的饮用方法有哪些
胶原蛋白肽饮品的注意事项有哪些
胶原蛋白肽饮品的忌口有哪些",五个女博士胶原蛋白肽饮品的饮用方法为每天1-2支，睡前饮用，可直接饮用或兑80-100ml温水（不超过60度）。注意事项包括对鱼、虾、蟹等水产品过敏者及肾脏代谢异常者禁用；癌症、肿瘤体质建议咨询医生；备孕、孕期、哺乳期不建议饮用；高血糖、癌症、肿瘤患者饮用前需咨询医生。忌口方面，饮用期间应避免酒类、浓茶、药物、咖啡类，建议与这些物质间隔2-4小时以上；喝酒或吃中药后需间隔两小时再饮用；鱼类海鲜过敏者、肾功能代谢异常者禁用。开启后需冷藏(0-6℃)并在24小时内饮用完毕。
饮用升级款胶原蛋白肽有哪些注意事项,饮用升级款胶原蛋白肽有哪些注意事项,饮用升级款胶原蛋白肽的注意事项包括：鱼类、海鲜、蛋白质过敏人群不建议使用；肾功能或肾脏代谢异常者不能饮用；备孕期、怀孕期、哺乳期不建议饮用；癌症、肿瘤患者或有相关病史者建议咨询医生后再决定是否使用；忌口酒类、浓茶类、药物类、咖啡类，建议间隔2小时以上饮用；产品不添加任何激素和类雌激素成分，经期可以放心喝。
口服虾青素多久能看到效果,口服虾青素多久能看到效果,一般4-6个周期就可以看到肉眼可见的效果，一个周期通常是年龄+10天
胶原蛋白肽的效果如何,胶原蛋白肽的效果如何,胶原蛋白肽的效果表现为坚持使用4-6个月后可看到肉眼可见的皮肤改善，包括皮肤光泽度、含水量、弹性提升，黑色素和皱纹减少。内服保养是循序渐进的过程，长期坚持效果更好，大部分客户在坚持使用3到6个月后有比较好的效果。皮肤新陈代谢周期一般为28天，超过18岁后为年龄+10天，一个周期后皮肤光泽度提升、黑色素和斑点减少等数据已有改善。SGS8周真人实测数据显示粗糙度改善+28.85%，紧致度改善+34.73%，细纹体积减少-22.14%，角质层含水量提升+38.86%，光泽度提升+89.90%，同时起皱减少28%，斑点减少35%，松弛减少33%，粗糙减少16%，皮肤光泽度提升20%，水分含量提升22%。一般在60天左右皮肤真皮层发生变化，4~6个周期后皮肤含水量、饱满度、弹性、细腻度会有改善。实际使用案例显示肤色更白净细腻，眼袋黑眼圈改善，法令纹淡化，皮肤更紧致饱满。
胶原蛋白肽升级款与经典款有何区别,胶原蛋白肽升级款与经典款有何区别,升级肽egcg饮是8000mg的胶原蛋白肽，基础款经典肽是6000mg，可以明显看到升级肽，成份含量都增加了，最重要的是新增成份主要是玻尿酸原料，所以补水锁水效果更好，改善皮肤问题，第一步就是需要先补水锁水嘛，因为无论是胶原蛋白还是弹力蛋白都是需要在水环境中生存哒~25岁之后的姐妹如果喝经典肽更多需要一日两瓶，保养成本更高一些，升级肽每日一瓶就可以，同时也省了补水的成本，长期日常保养更省钱哦~
哪些人群不能饮用白密码,哪些人群不能饮用白密码,鱼类过敏者、肾功能代谢异常者不能饮用白密码；备孕期、怀孕期、哺乳期不建议饮用；癌症、肿瘤患者建议咨询医生；婴幼儿不宜饮用。
饮用升级肽期间需要忌口什么,饮用升级肽期间需要忌口什么,饮用升级肽期间需要忌口酒类、浓茶类、药物类、咖啡类，建议与产品间隔2小时以上。
胶原蛋白肽维C饮2.0的适用人群、忌口、服用方法及作用是什么,"胶原蛋白肽维C饮2.0的适用人群是什么
胶原蛋白肽维C饮2.0的忌口是什么
胶原蛋白肽维C饮2.0的服用方法是什么
胶原蛋白肽维C饮2.0的作用是什么",胶原蛋白肽维C饮2.0的适用人群包括经期、备孕、怀孕、哺乳期人群，但对鱼、虾、蟹等水产品过敏者、肾脏代谢异常者不能饮用，癌症、肿瘤体质者建议咨询医生，糖尿病患者需根据热量遵医嘱饮用。忌口包括酒类、浓茶类、药物类、咖啡类，建议与这些物品间隔4小时以上服用。服用方法为每天1-2支，每晚睡前或白天饭后饮用，可直接喝或兑60度以下温水，整体口感偏酸甜用于压制胶原蛋白肽的腥味，若觉得过甜或过酸可兑60度以下温水稀释。作用是补充流失的胶原蛋白及弹性蛋白，维持肌肤柔软性和弹性，促进肌肤健康。
多久能看到效果,多久能看到效果,口服代谢周期为60天左右，皮肤口服保养分为三个阶段：1-2个周期皮肤通道打开，状态改善；3-4个周期稳定肌肤状态；6个周期后多维度抗衰，巩固效果。6个周期约360天，一年左右可见明显改善。坚持6个月后效果逐步放大，表皮肌肤状态得到改善，继续坚持能达到维稳期，1-2年是效果巩固期。皮肤新陈代谢一个周期大概是50-60天，口服胶原蛋白保养需要一定周期，绝大部分老用户表示使用4-6个月能看出明显效果，本身保养较好的用户可能需要更长时间。权威仪器检测28天后真皮层开始变化，肉眼可见效果一般在半年左右，6个月左右会有明显变化。1-2个周期皮肤真皮层通道打开，3-4个周期即4-6个月开始出现肉眼可见的效果。
对鱼虾海鲜或蛋白质过敏的人能否服用胶原蛋白肽,对鱼虾海鲜或蛋白质过敏的人能否服用胶原蛋白肽,对鱼虾海鲜或蛋白质过敏的人不能服用胶原蛋白肽，因为胶原蛋白肽是从鱼中提取的，含有鱼成分，可能引发过敏反应，存在过敏风险，因此不建议使用。
升级胶原蛋白肽的效果是否有实测或科学依据,"升级胶原蛋白肽的效果是否有实测依据
升级胶原蛋白肽的效果是否有科学依据",升级胶原蛋白肽的效果有实测和科学依据。SGS8周真人实测显示，55名31-50岁中国女性每天饮用一支持续8周后，皮肤粗糙度改善28.85%，紧致度改善34.73%，细纹体积减少22.14%，角质层含水量增加38.86%，光泽度提升89.90%。实验室检测中，皮肤弹性提升23.39%以上，粗糙度改善28.85%以上。坚持饮用一个月后，皮肤真皮层开始发生变化，皮肤含水量、弹性、光泽度增加，细纹、粗糙度、斑点、黑色素减少。持续使用4~6个月可见肉眼改变，时间越久效果越明显。
胶原蛋白肽对皮肤及其他身体方面有哪些功效,胶原蛋白肽对皮肤及其他身体方面有哪些功效,"补：鱼胶原蛋白肽6000mg+鱼弹性蛋白肽100mg，双重促进，锁紧胶原弹力网，在配料表中排名第一护：添加专利原料CollaShieldPro胶原护盾（多通路降低AGEs对胶原蛋白及弹性蛋白的损伤，源头减少胶原蛋白流失）
促：复配成分：GABA（γ-氨基丁酸）、维C、锌和烟酰胺，好环境+好营养，高效促进胶原合成
GABA（γ-氨基丁酸）：GABA帮助平静、改善睡眠，改善皮肤弹性弹性蛋白合成和弹性蛋白纤维形成。
维C：维生素Ｃ具有增加皮肤I型胶原蛋白合成锌：锌有助于皮肤健康。烟酰胺：有助于维持皮肤和黏膜健康。"
吃药期间可以喝胶原蛋白肽吗,吃药期间可以喝胶原蛋白肽吗,对于吃药的用户，西药：间隔2-4小时；中药（自己煎煮）：遵医嘱；中成药：间隔2-4小时
美白饮需要服用多久才能见效,美白饮需要服用多久才能见效,我们的皮肤是从内往外生长的过程，口服保养的过程大概可以分为3个阶段：1-2个周期，皮肤通道打开，状态改善；3-4周期，针对皮肤问题，稳定肌肤状态；6个周期之后，多维度的抗衰，巩固前序效果；一般三个周期我们皮肤更新一次，效果会从真皮层到肉眼可见，绝大部分老客户坚持4-6个月之后都能看到肉眼可见的变化。
虾青素每天吃多少粒，什么时候吃,"虾青素每天吃多少粒
虾青素什么时候吃",虾青素每天一粒，随餐或餐后15分钟用温水吞服，一瓶30粒可以吃一个月。一般建议每天吃1粒，35岁以上可每天吃2粒，午餐和晚餐后各1粒。每天12mg已足够吸收，多吃可能导致浪费。
使用产品若干周期或周后的效果如何,"使用产品若干周期后的效果如何
使用产品若干周后的效果如何",使用产品若干周期或周后的效果包括皱纹和法令纹明显改善，皮肤更光滑，肤色提亮，皮肤状态有明显改善。8周真人实测显示皮肤光泽度提升81.19%，角质层含水量提升35.82%，紧致度改善33.74%，皮肤弹性提升14.83%，细纹体积减少20.76%，粗糙度改善22.47%。皮肤状态更加细腻，光泽和纹理有明显改善。坚持使用6个周期后，皱纹和法令纹明显改善，皮肤更加光滑，肤色提亮，整体状态显著提升。
经典款胶原蛋白肽维C饮的饮用方法和时间建议是什么,经典款胶原蛋白肽维C饮的饮用方法和时间建议是什么,经典款胶原蛋白肽维C饮的饮用方法和时间建议如下：建议睡前饮用1支。25岁以上、经期、压力大或熬夜人群建议每天饮用1-2支，白天餐后半小时加睡前1支。25岁以下每天1支。喝酒或服用中药后需间隔两小时再饮用。肾脏代谢异常者不能饮用。高血糖或癌症、肿瘤体质者建议咨询医生。
经期可以喝胶原蛋白肽维C饮吗,经期可以喝胶原蛋白肽维C饮吗,经期可以喝胶原蛋白肽维C饮，不影响。例假期间建议兑温水饮用，避免着凉，尽量不要吃生冷刺激的食物。产品不含激素、类雌激素，是食品级产品，不会影响经期，经期可以放心喝。经期、备孕期、怀孕期、哺乳期均可正常饮用。
一个周期是多久，多个周期对应多少天,"一个周期是多久
多个周期对应多少天",正常是28天，但随着年龄增长会变慢，18岁以后的皮肤新陈代谢周期为实际年龄加上10岁左右
升级款EGCG饮2.0是否含有激素或类雌激素成分，经期能否饮用,"升级款EGCG饮2.0是否含有激素或类雌激素成分
经期能否饮用升级款EGCG饮2.0",升级款EGCG饮2.0不添加任何激素和类雌激素成分，经期可以放心饮用。经第三方检测，146项激素均无检出。
经典肽在经期、备孕期、怀孕期、哺乳期是否可以使用及如何保存,"经典肽在经期是否可以使用
经典肽在备孕期是否可以使用
经典肽在怀孕期是否可以使用
经典肽在哺乳期是否可以使用
经典肽如何保存",经典肽在经期、备孕期、怀孕期、哺乳期均可放心饮用，因为产品不添加任何激素和类雌激素成分。保存方式为常温保存即可。
升级肽应该在睡前还是其他时间饮用,升级肽应该在睡前还是其他时间饮用,升级肽建议在睡前半小时饮用，也可以在饭后或11点多喝，喝了后可以马上睡觉。白天饮用也可以，不影响吸收，但尽量不要空腹喝，建议晚上饮用有助于改善睡眠，且夜间胶原蛋白会自我合成。饮用后可以喝一口水再睡觉，建议在睡前饮用并坚持使用。
美白淡斑精华液孕妇及哺乳期能否使用,美白淡斑精华液孕妇及哺乳期能否使用,孕妇及哺乳期人群需遵医嘱使用。
富铁软糖的适宜食用时间和服用方式是什么,"富铁软糖的适宜食用时间是什么
富铁软糖的服用方式是什么",富铁软糖随时都可以吃，建议随餐或餐后15分钟服用，一般建议在下午或早餐后食用，没有特殊忌口，不限时间，可以一次性吃三颗，没有食用时间或空腹饱腹的禁忌，属于食品级补剂，食用时间很灵活，可以自行安排，没有忌口限制，富铁软糖可以饭后吃。
口服胶原蛋白肽对皮肤有什么效果,口服胶原蛋白肽对皮肤有什么效果,口服胶原蛋白肽对皮肤的效果包括：坚持饮用可使皮肤状态年轻。口服胶原蛋白肽能直达皮肤真皮层，由内到外改善皮肤状态，帮助对抗胶原蛋白和玻尿酸流失，长期使用使皮肤更光滑、细腻，肤色提亮，与同龄人拉开差距。
亢唐是什么产品，其主要成分和作用是什么,"亢唐是什么产品
亢唐的主要成分是什么
亢唐的作用是什么",亢唐是一款多链路抵御AGES损伤皮肤的抗衰老饮品，具有抗糖化和抗氧化作用。其主要成分包括L-阿拉伯糖、白芸豆提取物、鱼腥草、橄榄果和虾青素。L-阿拉伯糖和白芸豆提取物可抑制糖吸收；鱼腥草和橄榄果减少AGEs生成；虾青素具有抗氧化作用，保护皮肤。亢唐通过三段式抗糖功能（拦截糖分分解、破除糖化产物生成、养护细胞）减缓胶原蛋白流失，改善肤色暗沉、发黄、黑色素沉积、斑点、毛孔等问题，防止糖分子与胶原蛋白结合生成AGES，避免皮肤失去弹性，减少胶原蛋白被“烧焦”，从而改善皮肤松弛和皱纹。
富铁软糖的性质、成分、口感及热量情况如何,富铁软糖的性质、成分、口感及热量情况如何,富铁软糖是一种通过补充铁元素来达到补气血作用的功能性软糖，属于保健品而非普通糖果或保养品。其成分为无糖型，使用麦芽糖醇和葡萄糖浆代替传统糖分，且0添加无不良添加。性质上具有清新荔枝香味，无铁腥味，口感QQ弹弹且较好。每颗热量约45.6kcal，相当于一口苹果，适合体重管理期间食用。该产品为赠品，用于补气血。
中奖的益生菌如何领取,中奖的益生菌如何领取,中奖的益生菌领取方式为长按识别图片中的小程序码或点击中奖图片中的二维码进行扫码领取，扫码后需支付0.01元平台费并填写收货地址，提交订单即可完成兑换，赠品将寄送到家。
超级零益生菌怎么服用,超级零益生菌怎么服用,超级零益生菌的服用方法为饭后服用，一天一次，每次一罐，直接嚼着吃即可。可将瓶子从中间掰开倒入口中，或用37度以下温水服用。保质期为18个月，适用于便秘或饮食油腻时使用，有助于肠道健康。
升级肽的口感与老款有何区别，是否有所改善，以及热量情况如何,"升级肽的口感与老款有何区别
升级肽是否有所改善
升级肽的热量情况如何",升级肽的口感与老款不同，老款为百香果味偏酸甜，升级版为枇杷味偏甜，且升级肽因成分含量更足，部分客户反馈口感更佳，比经典肽更好喝没有怪味，口感酸酸甜甜属于大众接受度较高的口味，比较好入口。升级肽每瓶热量约为50卡，无明显负担。若不习惯口感可兑60度以上温水稀释饮用，不影响效果。
胶原蛋白肽饮品如何服用,胶原蛋白肽饮品如何服用,每天建议饮用1-2支，睡前饮用，可直接饮用或兑80-100ml温水（温度不超过60度）25岁及以上、经期、压力大或熬夜人群建议每天饮用1-2支，白天餐后半小时加睡前1支；存在个体差异，25岁以上、熬夜、焦虑时每日可选择2支。
喝胶原蛋白主要是想改善什么皮肤问题,喝胶原蛋白主要是想改善什么皮肤问题,喝胶原蛋白主要是想改善干燥、皱纹、皮肤暗黄、毛孔粗大和皮肤粗糙等问题。
胶原蛋白肽口感太甜是否正常及如何处理,胶原蛋白肽口感太甜是否正常及如何处理,经典肽是百香果味，偏酸甜，产品中添加的是赤藓糖醇作为代糖，几乎无热量，每瓶约50大卡，相当于半个苹果，对体重和血糖没有影响。如果觉得口感太甜，建议用60度以下的温水稀释饮用，这样可以降低甜度且不会影响产品效果。
益生菌的最佳服用时间和方法是什么,"益生菌的最佳服用时间是什么
益生菌的最佳服用方法是什么",益生菌建议在餐后半小时服用，每天饭后半小时用40度以下温水100-150ml冲服1-2袋。腹泻患者不建议使用，服用抗生素期间需间隔2-3小时。
饮用胶原蛋白有何科学依据及改善作用,饮用胶原蛋白有何科学依据及改善作用,饮用胶原蛋白饮品有非常明显的改善作用，建议坚持服用。饮用胶原蛋白能提升皮肤弹性和水润度，减少皱纹和松弛，坚持饮用效果更佳。央广网报道显示，通过调查研究和科学论文验证，饮用该胶原蛋白产品具有明显的改善作用。
经典肽每天建议饮用多少瓶,经典肽每天建议饮用多少瓶,经典肽建议每天饮用2瓶（支），白天餐后半小时一支，晚上睡前一支。25+女性建议每天喝2支，特别是哺乳期等特殊时期，效果更好。每天1~2支就足够了。
胶原蛋白什么时候喝效果最好，睡前或空腹是否更佳,胶原蛋白什么时候喝效果最好，睡前或空腹是否更佳,胶原蛋白建议在睡前喝，效果最佳，可在晚上睡觉前半小时服用，也可在饭后服用。升级肽建议睡前喝，白番茄饮建议早饭后喝，不建议空腹喝。每个人的作息不一样，建议根据自己的饮食习惯来，但一般胶原的合成是在晚上，所以建议睡前半小时喝。一定要坚持喝。
白密码是什么产品及其作用,"白密码是什么产品
白密码的作用是什么",白密码是美白淡斑产品，能提亮肤色，从真皮层到表皮层层淡化黑色素，减少紫外线对皮肤的刺激，帮助美白淡斑、去黄提亮，主打控黑美白淡斑，具有美白功效，且持有美白淡斑特证。白密码属于口服搭配外用的组合，包含美白饮品和美白精华，针对黑色素和斑点问题，早餐后喝一瓶。
升级肽2.0的主要成分、功效、适用人群及相较于1.0版本的改进是什么,"升级肽2.0的主要成分是什么
升级肽2.0的功效是什么
升级肽2.0的适用人群是什么
升级肽2.0相较于1.0版本的改进是什么",升级肽2.0的主要成分包括8000mg胶原蛋白肽、500mg壳寡糖、100mgEGCG、100mg透明质酸钠、100mg弹性蛋白肽，以及添加了CollaShieldPro专利原料和5个女博士独有的核心专利成分【胶原护盾】。其功效为提亮肤色、改善肤色发黄暗沉、帮助缩小毛孔、提升皮肤细腻度和含水量，核心卖点包括补足量、护胶原、蓄水池（含三重玻尿酸）、促吸收（含GABA、锌、烟酰胺和VC）。适用人群为25岁以上，但备孕、怀孕、哺乳期不建议使用。相较于1.0版本，升级肽2.0的胶原蛋白肽含量增加，并含有【胶原护盾】专利成分，可从源头锁住胶原蛋白流失；目前升级肽即2.0版本，无其他区别。
白芸豆压片糖果的作用及服用方法是什么,"白芸豆压片糖果的作用是什么
白芸豆压片糖果的服用方法是什么",白芸豆压片糖果可从食物源头阻碍淀粉和蔗糖的分解吸收。建议在中餐或晚餐餐前服用，用60度以下温水冲服或吞服，一次1袋，可直接嚼着吃或用温水送服。每包含两片，每天一次。
胶原蛋白肽和白密码可以一起或交替饮用吗,"胶原蛋白肽和白密码可以一起饮用吗
胶原蛋白肽和白密码可以交替饮用吗",胶原蛋白肽和白密码可以一起或交替饮用，两者功效不同，白密码主要功效是美白淡斑控黑，胶原蛋白肽主要功效是抗衰补胶原，可以搭配使用且效果不影响。建议搭配一起喝。
您了解过胶原抗老吗,您了解过胶原抗老吗,胶原蛋白锭含有胶原蛋白质、透明质酸钠、维生素C和维生素B类，对皮肤松弛、凹陷和皱纹等问题有改善作用。胶原抗老是通过饮用胶原蛋白饮品实现的，科学研究和论文验证其有明显改善作用，建议坚持饮用。
补充胶原蛋白肽一段时间后感觉不到明显变化是否正常,补充胶原蛋白肽一段时间后感觉不到明显变化是否正常,建议坚持服用并定期拍照对比，每年只喝六个月只能延缓衰老，想要更好效果需持续服用；胶原蛋白流失速度加快后，补充速度要跟上流失速度。
长期饮用胶原蛋白肽的效果及科学依据和副作用,"长期饮用胶原蛋白肽的效果是什么
长期饮用胶原蛋白肽的科学依据是什么
长期饮用胶原蛋白肽的副作用是什么",长期饮用胶原蛋白肽没有副作用，产品为食品级别，不添加激素或类激素成分，符合国家食品安全规定，可放心长期使用。央广网最新报道显示，通过调查研究和科学论文验证，饮用胶原产品具有明显的改善作用，长期坚持可显著减缓衰老。长期饮用可改善皮肤的法令纹、印第安纹、睡眠、眼袋等问题，需坚持6个周期以上效果更明显，其中2-3个月为基础补充期，4-6个月为快速提升期，7-12个月为维稳储能期，1-2年为最佳巩固期。长期饮用可以实现健康的变美效果，无需医美和美妆，素颜出街显得年轻。
多大年龄适合饮用升级肽,多大年龄适合饮用升级肽,适合25岁以上的熟龄肌人群饮用升级肽，每天一支，可在每晚睡前或白天饭后直接饮用或兑60度以下少量温水饮用。禁忌人群包括鱼虾类过敏者、肾功能代谢异常者，备孕、怀孕期、哺乳期不建议饮用，癌症、肿瘤患者建议咨询医生。升级肽能补充胶原蛋白和玻尿酸，38岁胶原流失速率加快时，建议同步调整饮食和睡眠，并使用升级肽进行保养。
盲盒开锁码是多少,盲盒开锁码是多少,盲盒开锁码是616，您按照密码锁方法打开。
哪些人群不能或不建议饮用升级肽,哪些人群不能或不建议饮用升级肽,婴幼儿、孕妇及哺乳期妇女，对鱼、虾、蟹等水产品过敏者不可使用，其余人群均可使用（产品中因为添加了透明质酸，透明质酸因为伦理问题，不能做婴幼儿孕妇及哺乳期临床，在婴幼儿、孕妇和哺乳期妇女人群中的食用安全性资料不足，从风险预防原则考虑，上述人群不宜服用）
白芸豆阿拉伯糖固体饮料的功效、使用方法及注意事项是什么,"白芸豆阿拉伯糖固体饮料的功效是什么
白芸豆阿拉伯糖固体饮料的使用方法是什么
白芸豆阿拉伯糖固体饮料的注意事项是什么",白芸豆阿拉伯糖固体饮料建议中餐或晚餐餐前或随餐服用，每天1条，用40度以下温水60-80毫升冲服。作为三段式抗糖的第一段，餐前吃能有效阻隔人体对蔗糖的吸收，餐前直接泡水喝，可以减少多余糖分的摄入，改善肤色不均匀暗沉发黄、斑斑点点的现象，随餐时用温水吞服一只即可。甲亢患者不建议饮用，低血糖者不建议空腹喝，可随餐服用。吃完大餐之后，可以兑温水喝一条，不用每天吃。
备孕、经期、孕期及哺乳期是否可以饮用经典肽,"备孕是否可以饮用经典肽
经期是否可以饮用经典肽
孕期是否可以饮用经典肽
哺乳期是否可以饮用经典肽",备孕、经期、孕期及哺乳期均可以饮用经典肽。该产品适用于从备孕到哺乳期结束，备孕、孕期、哺乳期人群可以安全饮用经典肽，一天喝两支，白天餐后或晚上睡前饮用。经期、备孕期、怀孕期、哺乳期均可以放心饮用经典肽。
对鱼虾蟹等海鲜过敏者能否饮用胶原蛋白肽维C饮,对鱼虾蟹等海鲜过敏者能否饮用胶原蛋白肽维C饮,对鱼、虾、蟹等水产品过敏者不能饮用胶原蛋白肽维C饮，因为产品含有鱼胶原蛋白肽，可能引发过敏反应。
虾青素的禁用人群及服用方法,"虾青素的禁用人群是什么
虾青素的服用方法是什么",孕期和哺乳期女性不建议服用虾青素。虾青素每天服用1粒，随餐或餐后15分钟用温水吞服。
胶原产品的主要功效和使用效果是什么,胶原产品的主要功效和使用效果是什么,胶原产品的主要功效是抗老，可以改善皮肤法令纹、松弛、凹陷和细纹问题，延缓衰老速度。使用效果方面，此外，饮用胶原产品能明显改善便秘，且有调查研究和科学论文验证效果。当前购买的胶原产品是基础款，而升级肽（粉色8000）是更好版本的胶原，更适合长期保养。
升级肽每瓶添加多少毫克有效成分,升级肽每瓶添加多少毫克有效成分,这款升级肽每瓶添加6000mg，每瓶添加8000mg胶原蛋白肽，每瓶升级肽添加8000mg有效成分，每瓶添加8000mg成分，每瓶添加8000mg，需要每天坚持服用一瓶，才能达到理想效果。
虾青素和富铁软糖的食用方法是什么,虾青素和富铁软糖的食用方法是什么,虾青素每天一粒，随餐或餐后15分钟用温水吞服，建议白天饭后食用，孕期和哺乳期不建议服用。富铁软糖每天3粒，开袋即食，不限时间，适合3岁以上儿童及成人食用，一天不超过三粒，3岁以上儿童及成人、备孕和哺乳期均可食用。胶原蛋白晚上睡前喝一瓶。
亢唐的服用时间、频次及注意事项是什么,"亢唐的服用时间是什么
亢唐的服用频次是什么
亢唐的注意事项是什么","亢唐的服用时间、频次及注意事项如下：一天当中主食吃最多的那一顿餐前喝，如果忘记餐前饮用，餐后喝也可以；主食炒菜吃得最多的一顿餐前或随餐服用，每天1瓶加压片糖果；晚上有聚餐时可在晚餐前喝，餐前忘记餐后也行；建议在午餐前半小时或大餐前服用，但不建议早餐后饮用。备孕、哺乳期不建议饮用；低血糖者不建议空腹喝，可以随餐喝。粉剂可阻挡多余糖分进入体内，每天需服用1瓶加1袋粉剂。
本品如有沉淀或颜色变化为正常现象，请摇匀后饮用。若发现破损，请勿饮用。"
产品效果如何，是否有科学依据,"产品效果如何
产品是否有科学依据",产品效果显著，饮用后可显著改善皮肤状态，有真人检测报告、实验数据报告及央广网报道支持，品牌连续3年全国销量第一，是行业标杆企业。大部分用户在坚持使用4~6个月后反馈光泽度、含水量、弹性提升，细纹和皱纹减少，皮肤状态明显改善。虽然低聚肽直接吸收但补充时也在流失，需长期坚持以堵住流失缺口，长期使用会有改善效果，坚持饮用效果肯定不用担心。
升级款胶原蛋白肽是否含有激素或类雌激素成分,升级款胶原蛋白肽是否含有激素或类雌激素成分,升级款胶原蛋白肽不添加任何激素和类雌激素成分，经期可以放心饮用。
感冒或生病期间能否服用胶原蛋白肽,"感冒期间能否服用胶原蛋白肽
生病期间能否服用胶原蛋白肽",如果没有吃药，可以正常喝；如果喝药了，建议间隔4小时
产品最佳饮用时间是什么时候,产品最佳饮用时间是什么时候,产品最佳饮用时间是每天1支，建议睡前喝，如不吃晚饭可以在白天饭后饮用，白天餐后或晚上睡前饮用最佳。
哪些人群不建议或禁止使用经典肽,"哪些人群不建议使用经典肽
哪些人群禁止使用经典肽",对鱼、虾、蟹等水产品过敏者不能饮用经典肽，肾脏代谢异常（肾功能异常）者不能饮用经典肽，癌症或肿瘤体质者建议咨询医生，糖尿病患者需根据热量遵医嘱饮用经典肽。
富铁软糖小孩可以吃吗,富铁软糖小孩可以吃吗,3岁以上的小孩可以吃富铁软糖，用于补充微量铁元素和气血，但如果孩子气血充足则不建议多吃，避免过度补充。富铁软糖推荐3岁以上儿童、成人、备孕和哺乳期人群都可以放心食用，每天推荐食用3粒，每粒含铁4.6mg，开袋即食，无需特殊时间。
升级肽需要冷藏保存吗,升级肽需要冷藏保存吗,升级肽不需要冷藏保存，常温避光保存即可，不需要强制冷藏或放冰箱。
喝胶原蛋白肽会发胖吗,喝胶原蛋白肽会发胖吗,我们添加的是赤藓糖醇，一种代糖，而且一瓶肽的热量只有50大卡，相当于半个苹果那么多，不会对体重有影响的，长胖主要是总能量的摄入量>总消耗；平时注意合理饮食+适当运动。
升级肽是否含有激素或类雌激素成分，是否安全及热量高低,"升级肽是否含有激素或类雌激素成分
升级肽是否安全
升级肽的热量高低如何",升级肽是食品级饮品，不添加任何激素或类激素成分，也不含类雌激素成分，经期可正常饮用。产品通过第三方安全检测，符合8“0”标准：0激素、0脂肪、0添加防腐剂、0三聚氰胺、0农残、0兽残、0阿斯巴甜、0蔗糖，安全有保障，有无激素检测报告可供参考。一瓶升级肽热量仅相当于半个苹果，不会导致长胖，与食用米饭和鸡蛋一样安全，可长期饮用。
饮用胶原蛋白肽EGCG饮多久能见效或为何感觉无效,"饮用胶原蛋白肽EGCG饮多久能见效
为何感觉饮用胶原蛋白肽EGCG饮无效",饮用胶原蛋白肽EGCG饮大约2个代谢周期后会有比较好的改善，约108天左右，一般三个周期可以看到明显的肉眼变化，35岁的人一个周期为45天，三个周期约为135天。内服效果因人而异，可能体现在睡眠、头发、指甲等方面，面部变化周期更长，建议坚持并拍照对比。口服产品起效需要时间周期，效果可能在真皮层尚未反映到表皮，建议持续使用并拍摄素颜照对比观察。2-3个月为基础补充期，4-6个月为快速提升期，7-12个月为维稳储能期，1-2年为最佳巩固期。
备孕期是否可以饮用升级肽EGCG饮,备孕期是否可以饮用升级肽EGCG饮,备孕期不建议饮用EGCG升级肽，怀孕后应立即停用。玻尿酸在备孕期、怀孕期、哺乳期缺乏足够的食品安全性资料，出于风险预防原则不建议使用。升级肽EGCG饮在备孕、孕期和哺乳期不建议饮用，建议备孕期间改喝经典肽产品。若尚未开始服用叶酸且未正式进入备孕阶段，可以暂时饮用EGCG升级肽。
产品口感太甜怎么办,产品口感太甜怎么办,如果产品口感太甜，可以兑60℃以下的温水饮用，这样口感会变成酸酸甜甜，较易坚持。用温水稀释不会影响产品的效果，且调整口味是为了改善胶原蛋白原有的腥味，帮助坚持饮用。产品中添加的是赤藓糖醇，热量低不会导致发胖，因此用温水稀释是可行的解决方案。
虾青素和胶原蛋白肽可以一起服用吗,虾青素和胶原蛋白肽可以一起服用吗,虾青素在当天热量最高的一餐后15分钟内温水吞服，一天一颗，建议饭后吃；胶原蛋白肽建议睡前喝。虾青素可以和胶原蛋白一起服用，但不建议虾青素和胶原蛋白肽一起服用，因不同产品使用方法不同，效果也会受影响。虾青素是抗氧化的，与胶原蛋白肽饮品协同作用效果更好。
胶原蛋白肽维C饮2.0在经期、备孕、怀孕及哺乳期是否可以饮用,"胶原蛋白肽维C饮2.0在经期是否可以饮用
胶原蛋白肽维C饮2.0在备孕是否可以饮用
胶原蛋白肽维C饮2.0在怀孕是否可以饮用
胶原蛋白肽维C饮2.0在哺乳期是否可以饮用",胶原蛋白肽维C饮2.0不含激素、类雌激素，经期、备孕期、怀孕期、哺乳期可以放心喝。
桑叶白芸豆压片糖果的使用方法和注意事项,"桑叶白芸豆压片糖果的使用方法是什么
桑叶白芸豆压片糖果的注意事项是什么","①取饮品1瓶、压片糖果1袋，饮品与压片糖果一同食用。②饮品直接饮用+压片糖果温水冲服（建议水温不超过60度）
注意事项包括：产品不添加激素和类雌激素成分，经期可放心喝；对鱼虾蟹等水产品过敏者不能喝；癌症肿瘤体质建议咨询医生；糖尿病患者需遵医嘱；备孕期、孕期、哺乳期不建议使用；肾脏代谢异常者不能喝。"
哪些人群不适合饮用EGCG产品,哪些人群不适合饮用EGCG产品,对鱼、虾、蟹等水产品过敏者不能饮用EGCG产品；癌症、肿瘤体质及病史者建议咨询医生；备孕期、孕期、哺乳期不建议使用；肾脏代谢异常者不能饮用；糖尿病患者需根据热量遵医嘱饮用；忌口酒类、浓茶类、药物类、咖啡类，建议间隔4小时以上饮用。
哪些人群不建议饮用美白饮,哪些人群不建议饮用美白饮,鱼类过敏、肾功能代谢异常者不能饮用美白饮，备孕期、怀孕期、哺乳期不建议饮用，癌症、肿瘤患者建议咨询医生。
白番茄饮的饮用方式、建议用量及注意事项有哪些,"白番茄饮的饮用方式有哪些
白番茄饮的建议用量有哪些
白番茄饮的注意事项有哪些","白番茄饮的饮用方式为每天1瓶，直接饮用，开启后需及时饮用或于0-6°C冷藏并在24小时内饮用完毕。建议用量为每天饮用一支即可，因人体吸收有阈值，无需过量补充。注意事项包括：鱼类过敏、肾功能代谢异常者不能饮用；备孕期、怀孕期、哺乳期不建议饮用；癌症、肿瘤患者建议咨询医生。白番茄饮每瓶含有8000毫克胶原蛋白肽、100毫克弹性蛋白和100毫克玻尿酸。本品如有沉淀或颜色变化为正常现象，请摇匀后饮用。
若发现破损，请勿饮用。"
经期可以食用虾青素凝胶糖果吗,经期可以食用虾青素凝胶糖果吗,可以服用，经期可以食用虾青素凝胶糖果，不影响使用，产品不含任何激素。
胶原蛋白需要长期坚持补充吗,胶原蛋白需要长期坚持补充吗,胶原蛋白每天都在流失，流失的过程就是衰老的过程，因此需要长期坚持补充，可以长期饮用。当补充量大于流失量时，皮肤状态会越来越好。胶原蛋白肽需要长期饮用，因为胶原蛋白会持续流失，需要长期坚持才能见效。长期补充可以减少胶原蛋白流失，补充玻尿酸，同时胶原蛋白流失需要时间代谢循环才能作用在皮肤表皮层。产品符合8‘0’标准，0激素，安全性高，跟吃米饭鸡蛋一样安全。
多久能看到肉眼可见的明显变化,多久能看到肉眼可见的明显变化,在4-6个代谢周期左右可以看到肉眼可见的变化，大部分老用户反馈在坚持4到6个月后有肉眼可见的变化，三个周期到六个周期可以看到明显的肉眼变化，六个周期共360天，根据大部分35岁客户反馈，6个周期（约240天）可以看到明显变化，根据多数40岁客户反馈，坚持使用4个周期（约200天）可以看到明显改善。
升级款EGCG饮2.0在白天或晚上饮用是否有影响，是否必须晚上喝,升级款EGCG饮2.0在白天或晚上饮用是否有影响，是否必须晚上喝,升级款EGCG饮2.0可以在白天饮用，不影响吸收和效果，可根据个人饮食习惯调整时间。一般建议晚上睡前饮用，因为产品含有GABA成分，有舒缓神经的作用，有助于改善睡眠。胶原蛋白是在休息时大量合成的，保障睡眠时间和质量有助于效果，睡得晚会影响效果。虽然白天喝不影响其他方面，但因含有助眠的GABA成分，建议睡前服用，可根据自身情况调整。
内服保养产品多久见效,内服保养产品多久见效,口服保养分为三个阶段：2-3个月为基础补充期，4-6个月为快速提升期，6个月后效果逐步放大；表皮肌肤状态改善后继续坚持可进入维稳期，1-2年为效果巩固期。4到6个月慢慢可以看到肉眼可见的改变，时间越长效果越明显。内服产品以年为单位见效，需要长期坚持，断断续续喝达不到预期效果。
有客户长期饮用胶原蛋白肽的真实效果案例吗,有客户长期饮用胶原蛋白肽的真实效果案例吗,1985年出生的女性，40多岁，坚持饮用胶原蛋白肽6年，先喝经典肽，后换升级肽已5年，无医美，现在素颜出街，状态年轻，常被误认为20多岁。
产品使用这么久有效果吗,产品使用这么久有效果吗,产品有效果，保养品的效果可从两个维度看：一方面没有变化也是一种效果，即抵抗衰老，避免随年龄增长变得更严重；另一方面皮肤状态变好需要更长时间沉淀。白密码主要针对黑色素，可帮助淡化色斑、改善肤色，8周真人实测数据显示黑色素含量平均下降18.08%，色斑面积减少21.11%，色斑个数减少25.12%，同时皮肤光泽度、含水量、弹性等均有显著提升。美白需要代谢真皮层沉积的黑色素，坚持保养喝到一个月皮肤真皮层开始发生变化，含水量、弹性、光泽度会增加，黑色素、斑点会减少，4到6个月可以看到肉眼可见的改变，时间越久效果越明显。
不同年龄段饮用胶原蛋白肽维C饮的建议用量和时间是什么,"不同年龄段饮用胶原蛋白肽维C饮的建议用量是什么
不同年龄段饮用胶原蛋白肽维C饮的建议时间是什么",25岁以下人群每天饮用1支，25岁以上人群每天饮用2支，建议白天餐后半小时或睡前饮用。经期、熬夜、压力大、睡眠不好、30岁及以上人群建议每天喝2支。
美白淡斑精华液早晚都可以使用吗怎么用,美白淡斑精华液早晚都可以使用吗怎么用,美白淡斑精华液早晚都可以使用，早或晚洁面后取适量均匀涂抹于脸部，轻轻按摩至吸收即可，用在水乳之间。敏感肌初次使用需在耳后做过敏测试，如果发现皮肤不适，请停止使用。孕妇及哺乳期人群遵医嘱使用。建议先建立约4天的耐受期，初期每支可用2-3次，后续可每次使用一支，每天使用一支。
美白饮和胶原蛋白或胶原蛋白肽可以一起服用吗,"美白饮和胶原蛋白可以一起服用吗
美白饮和胶原蛋白肽可以一起服用吗
胶原蛋白和胶原蛋白肽可以一起服用吗",胶原蛋白和胶原蛋白肽可以一起服用吗"
胶原蛋白肽是否有副作用,胶原蛋白肽是否有副作用,胶原蛋白肽作为食品级产品，经过第三方安全检测，符合8“0”标准，包括0激素、热量低，不会导致长胖，安全性高。部分品牌可能添加激素，不适合长期饮用，但五个女博士的产品主要成分为胶原蛋白、弹性蛋白和玻尿酸，经过146项零激素测试，不含激素和类激素成分，本质为小分子蛋白质，已获47国食品安全认证和7大发明专利认证，可长期安全饮用。备孕、孕期、哺乳期均可饮用，与日常食物一样安全，没有副作用。
喝升级肽会发胖吗,喝升级肽会发胖吗,升级肽每一瓶只有50大卡，相当于半个苹果的热量，不含激素，不会导致长胖。升级肽本身热量低，不会导致长胖；体重增加的根本原因是总摄入热量大于总消耗，建议关注饮食、睡眠、运动和代谢情况。
孕妇怀孕期间可以喝升级肽吗,孕妇怀孕期间可以喝升级肽吗,升级肽不建议备孕、孕期、哺乳期饮用，因为添加了透明质酸钠（玻尿酸），作为新食品原料在特殊人群中食用安全性资料不足，法规要求禁止食用。由于无法进行相关人群实验，出于风险预防考虑建议停用。如果不知道怀孕的情况下喝了一个月，停用即可，没有关系。
喝胶原蛋白会发胖吗,喝胶原蛋白会发胖吗,胶原蛋白是安全食品，不会导致体重上升。长胖的本质是总摄入热量大于消耗热量，胶原蛋白本身不会导致长胖，与日常饮食、运动、喝水量、代谢等因素有关。长胖的底层逻辑是摄入量大于消耗量，每多摄入7000大卡能量增加2斤脂肪，需关注整体饮食和代谢情况。胶原蛋白本身不会导致增肥，但体重变化可能与饮食、作息或其他因素有关，建议结合健康饮食和规律作息观察身体反应。
美白淡斑精华液对孕妇和哺乳期人群是否安全或有使用限制,美白淡斑精华液对孕妇和哺乳期人群是否安全或有使用限制,孕妇及哺乳期人群应遵医嘱使用。
胶原蛋白什么时候可以喝,胶原蛋白什么时候可以喝,胶原蛋白肽的话是白天饭后或者晚上睡前喝1瓶都可以，因为我们家的胶原蛋白肽是小分子的低聚肽可以在小肠内主动被吸收，所以任何时间段喝效果都是一样。
喝胶原蛋白肽后失眠或睡眠变差怎么办,"喝胶原蛋白肽后失眠怎么办
喝胶原蛋白肽后睡眠变差怎么办",建议将服用时间调整至白天餐后半小时观察效果，胶原蛋白肽中的GABA正常情况下可促进睡眠，但个体反应可能不同
升级肽和白密码的正确服用方法、用量及注意事项是什么,"升级肽和白密码的正确服用方法是什么
升级肽和白密码的用量是什么
升级肽和白密码的注意事项是什么","升级肽的正确服用方法为每天1支，建议晚上睡前或白天饭后饮用，可直接饮用或兑60度以下温水，均不可空腹饮用；注意事项包括鱼类过敏、肾功能代谢异常者不能饮用，备孕期、怀孕期、哺乳期不建议饮用，癌症、肿瘤患者需咨询医生。白密码的正确服用方法为每天1瓶，早餐后饮用，直接饮用，开启后需冷藏并在24小时内饮用完毕，如有沉淀或颜色变化为正常现象，请摇匀后饮用。
若发现破损，请勿饮用。。"
铁软糖中的铁元素有什么作用，一天吃多少粒,铁软糖中的铁元素有什么作用，一天吃多少粒,铁元素主要是补气血的，一天吃三粒就可以。
超级零益生菌的主要作用是什么,超级零益生菌的主要作用是什么,超级零益生菌的主要作用是调理肠道，适用于体重数字管理期间，非常有效。它适用于想要管理体重、不想挨饿、工作忙饮食不规律导致肠道菌群失衡、口臭胀肚便秘、肠胃动力障碍等亚健康人群，主要作用是调节肠道健康。饭后服用一罐，若饮食油腻或有便秘情况可直接食用。
能否将抗糖产品更换为胶原蛋白或相关组合产品,"能否将抗糖产品更换为胶原蛋白
能否将抗糖产品更换为相关组合产品",可以搭配一起，按1:1比例调换或兑换。客户要求不发抗糖产品时，可全部替换为胶原蛋白和美白饮。根据需求可随时调整发货产品，抗糖产品可换成胶原蛋白肽。
虾青素随餐服用的具体时间和方式是什么,虾青素随餐服用的具体时间和方式是什么,虾青素随餐服用的具体时间和方式是：随餐指吃完药后马上吃饭，或者在吃饭过程中服用；虾青素是脂溶性的，有油脂会更好消化，因此在吃饭的时候吃一粒；虾青素也可以随餐或餐后15分钟服用，温水吞服即可。
能介绍一下抗糖饮吗,"能介绍一下抗糖饮的成分吗
能介绍一下抗糖饮的功效吗
能介绍一下抗糖饮的适用人群吗
能介绍一下抗糖饮的使用方法吗
能介绍一下抗糖饮的注意事项吗",抗糖饮主要对抗糖化反应产生的AGES对皮肤的伤害，防止胶原蛋白流失、皮肤暗沉发黄、松弛和皱纹，有助于延缓衰老，改善肤色。过量的糖与蛋白质结合生成AGES，导致肤色不均、暗黄、长斑、皮肤松弛和皱纹，抗糖可以减少胶原蛋白流失，加速皮肤代谢，改善肤色，延缓衰老。本品如有沉淀或颜色变化为正常现象，请摇匀后饮用。若发现破损，请勿饮用。
经典肽便携装与升级肽在功效、味道及优势上有何区别,"经典肽便携装与升级肽在功效上有何区别
经典肽便携装与升级肽在味道上有何区别
经典肽便携装与升级肽在优势上有何区别",经典肽是经典款胶原蛋白肽，升级肽是升级款，成分更优。便携装和盒装除了味道不同外，其他都一样，便携装适合出差、露营、旅游时更方便携带。本次发放两袋经典肽便携装作为临时使用，后续仍继续服用升级肽。
抗衰老的关键因素有哪些,抗衰老的关键因素有哪些,抗衰老的关键因素包括抗糖化、抗氧化和防晒。抗糖化可以防止胶原蛋白断裂和AGEs生成；抗氧化能够对抗自由基损伤并清除自由基；防晒可以预防光老化和减少紫外线损伤。此外，还需注意少熬夜、运动、保持好心情、防辐射，以及使用抗糖抗氧化的精华和内服产品。
亢糖PRO的服用方法是什么,亢糖PRO的服用方法是什么,饮用方法：①取饮品1瓶、压片糖果1袋，饮品与压片糖果一同食用。②饮品直接饮用+压片糖果温水冲服（建议水温不超过60度）
胶原蛋白肽是否需要冷藏保存,胶原蛋白肽是否需要冷藏保存,胶原蛋白肽不需要冷藏保存，常温避光保存即可。夏天天气热时可以放冰箱冷藏，产品耐高温，常温保存无影响。如果喜欢喝冰的，也可以放冰箱，冷藏后口感更佳。
人体胶原蛋白和玻尿酸随年龄增长的变化规律是什么,"人体胶原蛋白随年龄增长的变化规律是什么
玻尿酸随年龄增长的变化规律是什么",人体从25岁起胶原蛋白开始以1.5%的年流失速率加速流失，到45岁时流失速率约为30%，流失速度显著增加。胶原蛋白和玻尿酸的流失会导致皮肤干燥、皱纹、粗糙暗沉、无弹性、无光泽、保水性下降等问题。
服用胶原蛋白肽是否需要周期性停用，以及停用的时机和特殊情况,"服用胶原蛋白肽是否需要周期性停用
停用胶原蛋白肽的时机是什么
停用胶原蛋白肽的特殊情况是什么",胶原蛋白肽可以一直喝，不需要停一段时间。手术期间需暂停；其他情况如服药、饮酒需间隔两三个小时；经期可正常饮用，无需停用。
饮用胶原蛋白肽是否有科学依据支持其效果,饮用胶原蛋白肽是否有科学依据支持其效果,央广网最新报道显示，通过调查研究和科学论文验证，饮用胶原蛋白肽具有明显改善作用，对皮肤有明显改善作用，饮用该胶原产品具有非常明显的改善作用。
服用复合益生菌固体饮料需要注意什么,服用复合益生菌固体饮料需要注意什么,服用复合益生菌固体饮料需要注意腹泻患者不建议使用，服用抗生素期间需间隔2-3小时。
各年龄段是否都适合饮用胶原蛋白肽维C饮,各年龄段是否都适合饮用胶原蛋白肽维C饮,各年龄段都适合饮用胶原蛋白肽维C饮，建议每天喝2支。30岁及以上人群，如经期、熬夜、压力大、睡眠不好或自身要求较高者，建议每天喝2支。56岁可以服用，建议每天1-2支，周期性观察效果；但对水产品过敏或有肾脏代谢异常者不能饮用，癌症、肿瘤体质者建议咨询医生。
产品是否含有激素或防腐剂,"产品是否含有激素
产品是否含有防腐剂",产品是食品级的保养品，成分安全，通过146项无激素检测，不含任何雌激素成分，同时通过国家级食品标准，确保0激素0类激素。产品不含有任何激素和防腐剂，配料表中不含防腐剂，并提供146项无激素检测报告。产品非常安全，可长期饮用。
升级肽EGCG饮一天喝多少,升级肽EGCG饮一天喝多少,一天喝一支，每天一瓶。
胶原蛋白或胶原蛋白肽产品是否含有激素,"胶原蛋白是否含有激素
胶原蛋白肽产品是否含有激素",胶原蛋白或胶原蛋白肽产品不含任何激素，经过146项无激素检测，实验室检测报告确认不含任何激素成分。
吃中药期间可以喝升级肽吗,吃中药期间可以喝升级肽吗,如果是自己煎煮的中药，需遵医嘱；如果是中成药，需间隔2-4小时。
口服胶原蛋白肽饮品的代谢周期是多久,口服胶原蛋白肽饮品的代谢周期是多久,1-2个代谢周期皮肤通道打开，状态改善；3-4个周期针对皮肤问题，稳定肌肤状态；6个周期后多维度抗衰，巩固效果。
第一次使用产品可以改善哪些皮肤问题,第一次使用产品可以改善哪些皮肤问题,第一次使用产品可以改善的皮肤问题包括暗沉蜡黄、肤色不均、色斑沉积、毛孔粗大、松弛凹陷、痘坑痘印、干纹皱纹。皮肤从内往外生长，口服保养分为三个阶段：2-3个月基础补充期，4-6个月快速提升期，6个月后效果逐步放大，持续坚持可进入维稳期并巩固效果。
抗糖是什么意思,抗糖是什么意思,抗糖是指抵抗体内糖基化终末产物（AGEs）对皮肤的损伤，AGEs是葡萄糖与蛋白质结合产生的物质，日常摄入的米饭、面条、水果、蛋糕等食物中的糖分都可能引发糖化反应。抗糖是抗糖化、抗氧化，减缓胶原蛋白流失，减少糖化反应，阻断黑色素堆积，改善肤色暗沉暗黄，同时也是抗衰、抗老化的。抗糖产品是FIVEDOCTORS内服抗糖营养饮品，分为三个阶段：第1阶段源头阻拦糖化，成分包括专利L-阿拉伯糖、白芸豆提取物和桑叶提取物；第2阶段抗糖buff，成分包括鱼腥草、橄榄果、生姜、余甘子和烟酰胺；第3阶段协同抗氧，成分包括虾青素、黑樱桃和POQ，用于修护糖化损伤，消除自由基。
富铁软糖的服用时间及与其他产品服用的间隔要求是什么,"富铁软糖的服用时间是什么
富铁软糖与其他产品服用的间隔要求是什么",富铁软糖不限时间，像吃零食一样随时吃3粒即可，尽量放在饭后吃，但空腹吃也没有影响，可以根据习惯来，没有饭前饭后限制。销售未明确回答富铁软糖与其他产品应间隔多久服用。
升级肽EGCG饮与经典肽维C饮有何区别和优势,升级肽EGCG饮与经典肽维C饮有何区别和优势,升级肽EGCG饮每瓶含8000mg小分子胶原蛋白肽，比经典维C饮多2000mg胶原蛋白肽，并额外添加500mg壳寡糖、100mgEGCG、100mg透明质酸钠，兼具补水锁水功能，更适合25岁以上抗衰需求人群。
产品效果是否有实测数据支持,产品效果是否有实测数据支持,产品效果有实测数据支持，包括SGS标准8周真人实测数据，显示粗糙度改善+28.85%，紧致度改善+34.73%，细纹体积减少-22.14%，角质层含水量增加+38.86%，光泽度提升+89.90%，皮肤弹性增加23.39%。实验室精密皮肤仪器检测表明，28天后皮肤光泽度、含水量、弹性等指标提升，黑色素沉积和皱纹减少。坚持使用4-6个月可见肉眼改变，时间越久效果越明显。
抗糖饮和肽类产品可以一起饮用吗,抗糖饮和肽类产品可以一起饮用吗,抗糖饮和肽类产品可以一起饮用。抗糖饮和升级肽可以搭配一起喝，效果是1+1大于2；抗糖饮也可以和基础肽一起喝，升级肽补胶原和玻尿酸，抗糖饮对抗糖化反应，一补一堵，效果更好。抗糖饮建议中午饭前半小时喝，升级肽建议晚上睡前半小时喝；抗糖是吃中餐前半个小时喝，一瓶抗糖加一袋压片糖果可以一起服用。
口服升级肽的效果分为几个阶段，每个阶段的具体效果是什么,"口服升级肽的效果分为几个阶段
口服升级肽每个阶段的具体效果是什么",口服升级肽的效果分为三个阶段：1-2个代谢周期皮肤通道打开，状态改善；3-4个周期针对皮肤问题，稳定肌肤状态；6个周期后多维度抗衰，巩固效果。
白密码是否需要与精华配套使用,白密码是否需要与精华配套使用,白密码和美白精华是配套使用的，必须一起用，否则效果没有那么好。1盒升级肽可以1:1兑换1盒美白精华，后续可自由调配。发货时不需要配套，可以自由选择只发白密码饮、只发精华，或两者组合，支持灵活调整。
哺乳期可以喝胶原蛋白肽维C饮吗,哺乳期可以喝胶原蛋白肽维C饮吗,哺乳期可以放心喝胶原蛋白肽维C饮，产品不含激素、类雌激素，经期、备孕期、怀孕期、哺乳期均可放心饮用。哺乳期建议每天2瓶，白天饭后1瓶，晚上睡前1瓶；产品是食品级饮品，可以放心饮用，但海鲜过敏、肾脏代谢异常、癌症、肿瘤体质人群建议咨询医生。
升级肽的最新特点和含量是什么,"升级肽的最新特点是什么
升级肽的含量是什么",升级肽EGCG2.0是升级款胶原蛋白肽，含有玻尿酸成分，兼具补水和补胶原功能，鱼胶原蛋白肽含量为8000毫克，是含量最高的产品，每天晚上睡前喝一瓶即可。
升级肽每天应该服用多少,升级肽每天应该服用多少,升级肽每天应该服用一瓶，建议在每晚睡前或白天饭后饮用，可直接喝或兑60度以下温水饮用。鱼虾类过敏、肾功能代谢异常者不能饮用，备孕期、怀孕期、哺乳期不建议饮用，癌症、肿瘤患者需咨询医生。升级肽只需喝一瓶效果就已足够，喝两瓶效果更好的是经典肽，不是升级肽。
升级款胶原蛋白肽需要冷藏保存吗,升级款胶原蛋白肽需要冷藏保存吗,升级款胶原蛋白肽常温避光保存即可，夏天天气热时也可放入冰箱保存。
虾青素改善哪些皮肤问题,虾青素改善哪些皮肤问题,虾青素改善的皮肤问题包括：抗氧化能力很强，靶向清除自由基，高效吸收紫外线UVA，减少胶原蛋白流失，有助于美白祛黄，改善痘痘、干燥、敏感肌、皱纹、皮肤暗黄或日常保养。
一个周期是多少天,一个周期是多少天,一个周期根据不同信息有不同天数：按照35岁年龄阶段，皮肤代谢周期是45天；皮肤代谢周期为40天，一般40天左右皮肤真皮层开始发生变化；皮肤的一个代谢周期是58天，一般在58天的时候，皮肤的真皮层就发生变化了。
抗糖和胶原蛋白肽是否每天各服用一支,"抗糖是否每天服用一支
胶原蛋白肽是否每天服用一支",抗糖和胶原蛋白肽每天各服用一支，搭配使用效果翻倍。抗糖需在中饭前半小时喝一瓶，胶原蛋白肽则在晚上睡前喝一瓶。抗糖包含一包白芸豆片和一瓶饮品。
有甲状腺结节和甲状腺功能异常且正在服药，可以喝升级肽吗,"有甲状腺结节且在服药可以喝升级肽吗
有甲状腺功能异常且在服药可以喝升级肽吗",身体有特殊情况时不强求购买，建议根据自身情况判断；如有疑虑可提供体检报告由医学顾问评估是否适合饮用。产品为食品级别，不添加任何激素或类激素成分，不影响甲状腺健康。若正在服药，建议与产品间隔2-4小时服用。
白密码饮可以空腹喝吗,白密码饮可以空腹喝吗,不建议空腹喝白密码饮，建议早饭后服用，避免肠胃不适，因为空腹时饮品会被身体当做能量吸收，影响补充到皮肤的效果，应在早餐餐后饮用。
益生菌的作用及服用方法,"益生菌的作用是什么
益生菌的服用方法是什么",益生菌有助于肠胃消化，建议每天饭后半小时用40度以下温水冲服1-2袋。腹泻患者不建议使用，服用抗生素期间需间隔2-3小时。
白芸豆的作用和用途是什么,"白芸豆的作用是什么
白芸豆的用途是什么",白芸豆是抗糖的第一段式，作用于一餐，配合抗糖饮品实现全天抗糖效果。其主要作用是阻断淀粉和蔗糖的吸收，搭配抗糖饮品一起使用时，固液分离使活性更高，效果更好。白芸豆阿拉伯糖固体饮料可抑制淀粉和蔗糖的吸收，建议中餐或晚餐餐前或随餐服用，每天1条，撕开后用40度以下温水60-80毫升冲服。甲亢患者不建议饮用，低血糖者不建议空腹喝，可随餐服用。
抗糖产品有哪些注意事项,抗糖产品有哪些注意事项,备孕、哺乳期不建议饮用，低血糖者不建议空腹喝，可随餐服用。本品如有沉淀或颜色变化为正常现象，请摇匀后饮用。若发现破损，请勿饮用。
白芸豆粉剂的服用时间、方法及用量是什么,"白芸豆粉剂的服用时间是什么
白芸豆粉剂的服用方法是什么
白芸豆粉剂的用量是什么",建议中餐或晚餐餐前或随餐服用，每天1条；撕开后用40度以下温水约60ml冲服；用于预防皮肤糖化。
有子宫肌瘤可以长期喝胶原蛋白肽吗,有子宫肌瘤可以长期喝胶原蛋白肽吗,产品不添加任何雌激素和类雌激素，属于食品级饮品，对子宫肌瘤没有影响，并提供146项无激素检测报告作为证明。产品是0激素，1瓶胶原蛋白肽的热量只有半个苹果。作为食品级别的饮品，如果没有对鱼虾海鲜类过敏，其他情况下都可以正常饮用。
抗糖产品和胶原蛋白肽的推荐服用时间分别是什么，是否可以一起在晚上睡前服用,"抗糖产品的推荐服用时间是什么
胶原蛋白肽的推荐服用时间是什么
抗糖产品和胶原蛋白肽是否可以一起在晚上睡前服用",抗糖产品建议在餐前半小时或随餐服用，不建议睡前服用，具体可中饭前半个小时服用，一天一瓶。胶原蛋白肽建议晚上睡前服用，也可在白天摄入量大的一餐前或饭后半小时服用。抗糖产品可与胶原蛋白肽搭配使用，但服用时间以餐时为宜。
喝酒的人或喝酒后能喝升级款胶原蛋白肽吗,"喝酒的人能喝升级款胶原蛋白肽吗
喝酒后能喝升级款胶原蛋白肽吗",喝酒的人或喝酒后需要与喝酒间隔24小时才能喝升级款胶原蛋白肽。
吃药期间能喝升级款胶原蛋白肽吗,吃药期间能喝升级款胶原蛋白肽吗,西药需间隔2-4小时；中药（自己煎煮）需遵医嘱；中成药需间隔2-4小时。
备孕期可以喝胶原蛋白肽维C饮吗，每天喝几支,备孕期可以喝胶原蛋白肽维C饮吗，每天喝几支,产品不含激素、类雌激素，经期、备孕期、怀孕期、哺乳期可以放心喝，备孕期间每天喝两支。
抗糖产品长期使用是否有副作用或身体影响,"抗糖产品长期使用是否有副作用
抗糖产品长期使用是否有身体影响",抗糖产品是普通食品级饮品，与日常食用米饭、鸡蛋一样安全，产品为食品级且无激素，安全性高。部分人初期可能出现轻微腹泻，但几天后会适应，建议多喝水或分半饮用以建立耐受。所有产品均经过146项0激素安全检测。
饮用抗糖产品后出现肠胃咕噜、放屁和拉肚子的原因是什么,饮用抗糖产品后出现肠胃咕噜、放屁和拉肚子的原因是什么,饮用抗糖产品后出现肠胃咕噜、放屁和拉肚子的原因可能是换季导致肠胃变弱，或产品浓度较高需要重新建立耐受，也可能是个体肠胃状态变化导致不适应抗糖产品。建议随餐或餐后饮用，避免高油高糖饮食，减少用量，或暂停搭配粉剂。
癌症或肿瘤体质能否饮用升级肽,"癌症体质能否饮用升级肽
肿瘤体质能否饮用升级肽",癌症、肿瘤体质建议咨询医生。
喝胶原蛋白肽会不会上火,喝胶原蛋白肽会不会上火,胶原蛋白肽是食品级别的饮品，不添加任何激素或类激素成分，安全程度跟鸡蛋大米一样，不会导致上火。产品中没有上火的成分，胶原蛋白肽不会引起上火，上火的原因主要是饮食作息不规律，建议调整饮食和作息，也可将产品兑温水分段饮用，并尽量在晚上10点前饮用。
经期期间是否可以服用或饮用这些产品,"经期期间是否可以服用这些产品
经期期间是否可以饮用这些产品",经期期间可以服用或饮用这些产品，因为产品为食品级，不影响经期。建议兑温水饮用，避免生冷刺激食物。
备孕期间可以食用虾青素吗,备孕期间可以食用虾青素吗,虾青素备孕期间不能吃，不建议备孕期间喝虾青素，不太建议在备孕期食用虾青素。
白番茄饮的使用方法及使用8周后的效果是什么,"白番茄饮的使用方法是什么
白番茄饮使用8周后的效果是什么","白番茄饮建议每天早餐后饮用一瓶，饮用后若未喝完需冷藏并在24小时内饮用完毕。其作用包括抵御黑色素生成、加速黑色素代谢、美白皮肤，以及淡化斑点。连续使用56天后，肌肤含水量提升42.27%，光泽度提升35.27%，黑色素减少18.08%，色斑面积减少21.11%，眼角皱纹减少29.91%，皮肤弹性与紧致度均有改善。注意事项：鱼类过敏、肾功能代谢异常、备孕、孕期、哺乳期不建议饮用；癌症、肿瘤患者需咨询医生。本品如有沉淀或颜色变化为正常现象，请摇匀后饮用。
若发现破损，请勿饮用。"
升级肽每瓶含多少胶原蛋白,升级肽每瓶含多少胶原蛋白,每瓶添加8000mg胶原蛋白，同时含有100mg弹性蛋白肽、500mg壳寡糖、100mgEGCG、100mg透明质酸钠。
服用虾青素有效果吗,服用虾青素有效果吗,虾青素具有抗氧化作用，是抗糖产品中的成分之一，需要坚持使用才能看到效果，有效果，要坚持服用。
升级肽对睡眠有帮助吗,升级肽对睡眠有帮助吗,升级肽里面含有GABA，GABA是一种神经递质，摄入一定量的GABA具有改善睡眠的生理功效。升级肽含有GABA成分，可以辅助促进睡眠，但主要功效是改善皮肤，睡眠为辅助作用。升级肽中添加了Gaba，有助于改善睡眠。
升级肽的核心成分有哪些,升级肽的核心成分有哪些,升级肽的核心成分包括玻尿酸成分，能够补水又补胶原；每瓶添加8000mg胶原蛋白肽；每瓶添加100mg弹性蛋白肽；以及三大补充玻尿酸成分：500mg壳寡糖、100mgEGCG和100mg透明质酸钠。
富铁软糖的服用方法及经期是否可以食用或加量,"富铁软糖的服用方法是什么
经期是否可以食用富铁软糖
经期是否可以加量食用富铁软糖",富铁软糖推荐每天服用3粒，开袋即食且不限时间。经期可以正常食用，因为其属于食品级产品。每天可吃3-4粒，适合作为日常零食长期补充铁元素。在经期或状态不好时可以适当多吃，但不要超过每天6粒。
经期可以喝吗,经期可以喝吗,升级款胶原蛋白肽不添加任何激素和类雌激素成分，是食品级的，不含任何雌激素和类雌激素，经期可以放心喝。经期胶原蛋白的流失速度会加快，建议坚持喝，产品不会影响经期。
抗糖产品中的压片糖果是什么，有何作用，是否为药品，能否长期服用,"抗糖产品中的压片糖果是什么
抗糖产品中的压片糖果有何作用
抗糖产品中的压片糖果是否为药品
抗糖产品中的压片糖果能否长期服用",压片糖果是食品级成分，不是药物，可以直接温水冲服。长期服用一般无副作用，但个别用户初期可能出现轻微拉肚子，属于建立耐受过程。压片糖果是三段式抗糖的第一段，用于从源头阻碍糖分摄入，需与抗糖饮品一同服用。压片糖果是食品级压片糖果，属于抗糖产品的一部分，可与饮品一同食用或冲服。
虾青素和抗糖饮是否可以搭配使用,虾青素和抗糖是否可以搭配使用,虾青素和抗糖饮不要搭配使用，因为抗糖饮中已经含有虾青素，且抗糖饮的效果更全面。如果喝抗糖饮，就不需要额外补充虾青素。
抗糖产品每天服用几次，何时服用,"抗糖产品每天服用几次
抗糖产品何时服用",抗糖产品每天服用一次，一次一袋。建议在白天中饭时服用，或每天在吃得最多的一餐前15分钟喝一瓶饮品并吃一袋压片糖果。
升级肽、经典肽和白密码在功效上有什么区别,升级肽、经典肽和白密码在功效上有什么区别,经典肽适合25岁左右、孕期、哺乳期人群，每天喝两瓶，主要补充胶原蛋白；白密码具有美白功效，包含美白饮和美白精华，适合早上饮用，可以抵御黑色素生成，主要针对黑色素问题，含有2000mg胶原蛋白；升级肽是进阶款胶原蛋白，搭配亢唐抗糖化，适合抗衰老需求，主要用于补充胶原蛋白和补水，含有8000mg胶原蛋白和玻尿酸。
美白饮的主要功效是什么,美白饮的主要功效是什么,美白饮的主要功效是美白、淡斑和提亮肤色，主要解决黑色素问题，有助于淡化斑点和改善暗黄。它从真皮层到表皮层层淡化黑色素，并减少紫外线对皮肤细胞的刺激。美白饮尤其针对黄褐斑，第一阶段抵御黑色素生成，第二阶段净化已生成黑色素，第三阶段利用白番茄阻断紫外线和光老化刺激，防止反黑。
糖尿病患者可以喝升级肽吗,糖尿病患者可以喝升级肽吗,血糖偏高的用户不建议饮用升级肽，但经医学博士确认后可先饮用，并注意日常监测血糖，如有波动或异常应及时暂停。糖尿病患者需根据热量遵医嘱饮用。产品使用代糖，不含蔗糖和淀粉，属于食品级，但因个体差异，特别是正在服药的糖尿病患者，建议先暂停并由医学顾问评估后再决定是否继续使用。
胶原蛋白饮如何饮用,胶原蛋白饮如何饮用,胶原蛋白饮的饮用方法为每天1-2支，建议睡前饮用，可直接饮用或兑80-100ml温水（水温不超过60度）。25岁以上、熬夜或焦虑时可选择每日2支。另有饮用方式为每天早餐后喝白密码饮，晚上睡前半小时喝经典肽胶原蛋白饮，同时早晚洁面后使用美白淡斑精华。此外，也可早晚各两勺（16ml），用温水溶解后饮用或直接服用，在低温环境或温度较冷时可以适量增加水温并搅拌，避免接触二氧化碳。对鱼、虾、蟹等水产品过敏者及肾脏代谢异常者不能饮用，癌症、肿瘤体质建议咨询医生。
虾青素有美白效果吗,虾青素有美白效果吗,虾青素具有强抗氧化作用，抵抗自由基对皮肤的损伤，能改善皮肤暗沉发黄，有助于提亮肤色。
虾青素和铁软糖的储存方法是什么,"虾青素的储存方法是什么
铁软糖的储存方法是什么",产品【常温避光保存】就可以啦，现在秋冬季节空气比较干燥，白天可以多喝一些温水，补充水分。
盲盒中的富铁软糖怎么吃,盲盒中的富铁软糖怎么吃,盲盒中的富铁软糖每天食用3粒，开袋即食，不限时间，每瓶60颗。经期或身体状态不佳时可适量增加至每天3-6粒。通过补铁增强气血，适用于手脚冰凉、经期失血、熬夜面色差等气血不足人群，也适用于3岁以上儿童、成人及备孕哺乳人群。
白番茄饮何时喝效果更好，包括早晚及饭前饭后时机,"白番茄饮何时喝效果更好
白番茄饮早晚喝效果如何
白番茄饮饭前喝效果如何
白番茄饮饭后喝效果如何",白番茄饮建议在早上饭后饮用效果更好，其中白密码推荐早上饭后饮用，升级肽则建议晚上睡前饮用。
胶原蛋白肽每天喝多少以及怎么喝,"胶原蛋白肽每天喝多少
胶原蛋白肽怎么喝",胶原蛋白肽每天喝1瓶或2支，每日饮用一杯约20ml，一次一袋。建议每晚睡前喝，直接饮用或兑温水（不超过60度）。每箱包含10袋共250ml。
经典肽的保存条件是什么,经典肽的保存条件是什么,经典肽常温保存即可。
经典肽是否含有激素或类雌激素,经典肽是否含有激素或类雌激素,经典肽不含激素、类雌激素。经期、备孕期、怀孕期、哺乳期均可放心饮用。
喝胶原蛋白肽饮品前后饮酒是否影响效果,"喝胶原蛋白肽饮品前饮酒是否影响效果
喝胶原蛋白肽饮品后饮酒是否影响效果",饮酒后需要间隔2-4小时才能饮用五个女博士胶原蛋白肽饮品，如果饮酒较多，建议第二天再饮用，以免酒精影响产品吸收和效果。可以饮酒，但建议不要喝太多，以免身体不适。
升级肽EGCG饮的主要成分、功效及8周真人实测效果是什么,"升级肽EGCG饮的主要成分是什么
升级肽EGCG饮的功效是什么
升级肽EGCG饮的8周真人实测效果是什么",升级肽EGCG饮的主要成分包括8000mg胶原蛋白肽、100mgEGCG、500mg壳寡糖、100mg透明质酸钠、100mg弹性蛋白肽及7大专利技术成分；功效为增加皮肤含水量、增强皮肤屏障、抗皱、美白、改善皮肤代谢和抗炎。8周真人实测数据显示，光泽度提升89.9%，角质层含水量提升38.86%，紧致度提升34.73%，皮肤弹性提升23.39%以上，细纹体积缩小22.14%，粗糙度改善28.85%以上；老客户坚持4-6个月可见明显变化。经SGS验证，8周实测显示粗糙度改善28.85%，紧致度改善34.73%，细纹体积减少22.14%，角质层含水量增加38.86%，光泽度提升89.90%。
美白的原理是什么,美白的原理是什么,美白的原理是提高皮肤的代谢能力，促进黑色素的代谢，先作用于皮肤真皮层，再逐渐体现在表皮层。美白需要将真皮层沉积已久的黑色素一点一点代谢出来，因此需要一定的时间，不能一蹴而就。通过加快黑色素代谢，从真皮层和表皮层共同作用。白密码饮品作用于真皮层，美白精华作用于表皮层，实现内调外用的美白效果。
客户服用产品多久能看到明显改善,客户服用产品多久能看到明显改善,根据大部分客户的反馈，5个周期可以看到很明显的改善。
产品效果是否有科学依据,产品效果是否有科学依据,产品效果具有科学依据，五个女博士团队发表16篇论文并持有36项专利（含3项国际专利），研究成果被《FoodBioscience》期刊收录。央广网报道及科学论文验证显示，饮用该胶原蛋白肽有明显改善作用。升级肽真人实测报告和7大自研专利证书显示，在实验室精密皮肤仪器检测下，8周时间里皮肤相关数据发生显著改变：光泽度提升89.9%，角质层含水量提升38.86%，紧致度提升34.73%，皮肤弹性提升23.39%以上，细纹体积缩小22.14%，粗糙度改善28.85%以上。
淡斑需要多久见效,淡斑需要多久见效,淡斑见效时间因人而异，有的客户吸收好一个月能看到一些淡化，一般1到2个月能看到斑淡化，但淡斑是长期工程，斑的形成非一朝一夕，需长期服用并坚持使用，一般建议至少使用3个皮肤代谢周期（约90天）可见明显变化。
如何有效进行抗氧化护理,如何有效进行抗氧化护理,有效进行抗氧化护理的方法包括少熬夜、防晒、运动、保持好心情、控制电子产品使用时间以及使用抗糖抗氧化的精华和内服产品。
饮用胶原蛋白肽EGCG饮期间有哪些忌口和注意事项,"饮用胶原蛋白肽EGCG饮期间有哪些忌口
饮用胶原蛋白肽EGCG饮期间有哪些注意事项",饮用胶原蛋白肽EGCG饮期间需忌口酒类、浓茶类、药物类、咖啡类，并间隔2-4小时以上；备孕、孕期、哺乳期不建议饮用；鱼类过敏、肾功能代谢异常者不能饮用；癌症、肿瘤患者建议咨询医生。
不同年龄段用户使用升级肽是否适合或有特殊建议,"不同年龄段用户使用升级肽是否适合
不同年龄段用户使用升级肽是否有特殊建议",50岁处于加速衰老阶段，坚持饮用升级肽有助于改善皮肤松弛下垂等问题，建议至少坚持半年以上，效果随时间累积更明显；70多岁的用户在使用升级肽后反馈良好；55岁用户的皮肤代谢周期为65天，建议坚持6个周期（约一年）以看到明显改善。
空腹可以喝吗,空腹可以喝吗,不要空腹超过6小时饮用，建议在餐后或睡前饮用，避免空腹状态。不要空腹喝，因为产品含有赤藓糖醇，有轻微促进肠道蠕动的作用。
亢唐和升级肽能否同时使用及如何搭配,"亢唐和升级肽能否同时使用
如何搭配亢唐和升级肽",亢唐在每天吃得最多的一餐前15-30分钟服用，升级肽在每晚睡前半小时饮用。两者可以同时使用，建议中午饭前饮用亢唐，晚上睡前或饭后饮用升级肽。套餐中升级肽和亢唐可以自由组合，支持1比1兑换调配，例如86盒可搭配为43盒升级肽和43盒亢唐，每天各喝一支。
血糖高或糖尿病患者能否长期饮用偏甜的升级肽产品,血糖高或糖尿病患者能否长期饮用偏甜的升级肽产品,升级肽产品添加的是赤藓糖醇，几乎无热量，每瓶约50大卡。糖尿病患者是否可饮用需结合具体血糖水平判断，如果空腹和餐后血糖值较高，不建议饮用；若血糖在可控范围内，则可以饮用。正在接受药物治疗（如每天打针并服用二甲双胍）的患者，建议暂停饮用，等血糖控制在范围内再考虑。血糖不稳定或正在接受治疗的患者，建议暂停饮用，待血糖稳定后再评估是否适合继续使用。
亢唐饮或亢唐PRO的饮用方法是什么,"亢唐饮的饮用方法是什么
亢唐PRO的饮用方法是什么",①取饮品1瓶、压片糖果1袋，饮品与压片糖果一同食用。②饮品直接饮用+压片糖果温水冲服（建议水温不超过60度）
SGS检测报告中胶原蛋白肽使用8周的效果如何,SGS检测报告中胶原蛋白肽使用8周的效果如何,SGS检测显示，连续使用胶原蛋白肽8周后，肌肤光泽度提升81.19%，角质层含水量提升35.82%，紧致度改善33.74%，皮肤弹性提升14.83%，细纹体积减少20.76%，粗糙度改善22.47%。饮用产品8周后，皮肤光泽度、含水量、弹性提升，色斑面积减少。SGS检测报告还显示，坚持使用产品8周（一个皮肤代谢周期）后，皮肤光泽度、含水量、弹性提升，细纹和皱纹减少等数据开始发生变化，说明产品已起效。
一般多久能看到明显改善效果,一般多久能看到明显改善效果,一般坚持6个代谢周期（约一年）会有非常明显的改善，部分用户在4~6个月后有肉眼可见变化，一般经过三个代谢周期（约174天）可以看到明显的肉眼变化。
富铁软糖的食用时间、适用人群及食用方法是什么,"富铁软糖的食用时间是什么
富铁软糖的适用人群是什么
富铁软糖的食用方法是什么",富铁软糖推荐每天食用3粒，开袋即食，不限具体食用时间，适合3岁以上儿童、成人、备孕及哺乳期女性食用。
如何加快胶原蛋白肽维C饮的效果,如何加快胶原蛋白肽维C饮的效果,尽量早睡让胶原蛋白睡饱，做好防晒避免光老化损伤，采用抗糖化饮食减缓胶原流失。
升级肽EGCG饮的建议用量、饮用方式及口感是什么,"升级肽EGCG饮的建议用量是什么
升级肽EGCG饮的饮用方式是什么
升级肽EGCG饮的口感是什么",五个女博士EGCG升级肽的建议用量为每天饮用一瓶，饮用方式为每晚睡前或白天饭后饮用。口感是酸酸甜甜的，产品中添加了赤藓糖醇，因此会有甜味。备孕、孕期、哺乳期不建议饮用，鱼类过敏、肾功能代谢异常者不能饮用，癌症、肿瘤患者建议咨询医生。
不同年龄段及备孕、孕期、哺乳期的饮用方式是否不同,"不同年龄段的饮用方式是否不同
备孕的饮用方式是否不同
孕期的饮用方式是否不同
哺乳期的饮用方式是否不同",不同年龄段饮用方式不同，方法不对效果会大打折扣，效果与代谢周期有关，20岁见效最快，60岁最慢。备孕期、怀孕期、哺乳期不建议饮用，但孕妇专用饮品适用于孕期，产后恢复饮适用于哺乳期。白密码不建议备孕、怀孕、哺乳期饮用。鱼类过敏、肾功能代谢异常者不能饮用，癌症肿瘤患者需咨询医生，具体需根据产品说明或遵医嘱。
使用美白淡斑精华液前是否需要做敏感测试,使用美白淡斑精华液前是否需要做敏感测试,使用美白淡斑精华液前需要先在耳后做过敏测试，确认无不适后再上脸使用，并建议建立4天左右的耐受期，初期少量使用。敏感肌初次使用需在耳后做过敏测试，若无皮肤不适方可继续使用。使用前需在耳后进行过敏测试，前三天小范围涂抹脸颊边缘，三天后无异常再正常使用。
人类断崖式衰老的关键年龄阶段有哪些,人类断崖式衰老的关键年龄阶段有哪些,美国斯坦福大学医学院研究发现，人类断崖式衰老的三个关键年龄阶段分别是34岁、60岁和78岁。其中，34岁是容貌“断崖式衰老”的转折点，胶原蛋白大量流失导致皱纹和衰老症状。
升级肽和美白饮可以同时服用吗,升级肽和美白饮可以同时服用吗,升级肽和美白饮可以同时服用，美白饮建议白天吃，升级肽建议睡前吃，精华在晚上护肤时使用。
白密码白番茄饮的SGS真人实测8周效果及见效时间,"白密码白番茄饮的SGS真人实测8周效果是什么
白密码白番茄饮的见效时间是什么",白密码白番茄饮的SGS真人实测8周效果包括角质层含水量提升42.27%，皮肤光泽度提升35.27%，黑色素含量减少18.08%，色斑面积减少21.11%，眼角皱纹减少29.91%，皮肤色度提升17.74%，皮肤弹性提升10.10%，紧致度改善12.63%，色斑个数减少25.12%。坚持饮用一个月后，皮肤真皮层开始发生变化，仪器检测可观察到含水量、弹性、光泽度提升，黑色素和斑点减少；持续使用4-6个月可看到肉眼可见的改变，时间越长效果越明显。
首次使用该产品对皮肤问题的改善效果及见效周期是怎样的,"首次使用该产品对皮肤问题的改善效果是怎样的
首次使用该产品的见效周期是怎样的",口服保养分为三个阶段：2-3个月为基础补充期，4-6个月为快速提升期，6个月后效果逐步放大；表皮肌肤状态改善后继续坚持可进入维稳期，1-2年为效果巩固期。
怀孕期间可以喝胶原蛋白肽维C饮吗,怀孕期间可以喝胶原蛋白肽维C饮吗,怀孕期间可以喝胶原蛋白肽维C饮，产品不含激素和类雌激素，成分安全，孕期、哺乳期和备孕阶段均可饮用，建议一天喝两支，很多孕期妈妈都在饮用。但需注意，左边的产品在备孕阶段可以喝，右边的升级肽备孕则不建议饮用。
8周真人实测报告展示了产品的哪些效果和功效数据,"8周真人实测报告展示了产品的哪些效果
8周真人实测报告展示了产品的哪些功效数据",SGS8周真人实测报告展示了产品的效果和功效数据，包括皮肤粗糙度改善+28.85%，紧致度改善+34.73%，细纹体积减少-22.14%，角质层含水量提升+38.86%，光泽度提升+89.90%。8周实测数据显示角质层含水量+42.27%，光泽度+35.27%，黑色素含量-18.08%，色度+17.74%，弹性+10.10%，紧致度+12.63%，眼角皱纹-29.91%，色斑面积-21.11%，色斑个数-25.12%。
EGCG饮适合哪些人群，有什么效果，需要喝多久,"EGCG饮适合哪些人群
EGCG饮有什么效果
EGCG饮需要喝多久",EGCG饮适合25岁及以上人群，每天喝一支即可。EGCG饮可以提高皮肤真皮层的补水锁水能力，减缓自身胶原流失，改善干纹、细纹、凹陷和皮肤松弛现象。已经喝了EGCG饮4年。
对鱼类海鲜过敏或不过敏者及肾功能代谢异常者是否可以饮用升级肽,"对鱼类海鲜过敏者是否可以饮用升级肽
对不过敏者是否可以饮用升级肽
肾功能代谢异常者是否可以饮用升级肽",鱼类、海鲜类过敏者和肾功能代谢异常者不能饮用升级肽，如果不对鱼虾海鲜过敏，就可以正常饮用。对鱼、虾、蟹等水产品过敏者不能喝。备孕、孕期、哺乳期不建议饮用，高血糖、癌症、肿瘤患者需咨询医生。
胶原蛋白肽的吸收率或吸收利用率是多少,胶原蛋白肽的吸收率或吸收利用率是多少,经典肽中添加的鱼胶原蛋白肽和弹性蛋白肽均为1000道尔顿以下的小分子低聚肽，可被小肠自主运转吸收，吸收率可达98%以上；应选择分子量小于5000道尔顿的胶原蛋白肽，更易被人体吸收；采用小分子低聚技术，胶原蛋白肽的吸收利用率可高达90%以上。
益生菌每天应服用几次,益生菌每天应服用几次,益生菌每天应服用几次的答案存在不同说法：一天服用一条；每周吃2-3次，隔天吃一次即可，不需要每天吃；一天1到2次均可，建议午饭或晚饭后服用，使用40度以下温水冲服以避免破坏活菌活性。
皮肤暗沉和色斑的主要成因是什么,皮肤暗沉和色斑的主要成因是什么,皮肤暗沉和色斑的主要成因是皮肤基底层营养补充不足，导致细胞新陈代谢速度减慢，黑色素生成增加。具体原因包括胶原蛋白和弹性蛋白流失严重，使基底层细胞缺乏营养，以及糖基化反应产生的有害化合物AGES对皮肤造成损伤，加速胶原蛋白流失和皮肤氧化。若不及时改善，会加速胶原蛋白流失，出现皱纹、毛孔粗大等问题，皮肤状态可能比同龄人显老5-8岁。
胶原蛋白肽搭配哪些产品使用效果更好,胶原蛋白肽搭配哪些产品使用效果更好,胶原蛋白肽搭配虾青素凝胶糖果可改善熬夜导致的皮肤暗沉，搭配富铁软糖可提升气色，搭配白密码白番茄饮可实现美白淡斑，如果只是改善脸部下垂和法令纹，单独喝胶原蛋白肽即可。
对鱼虾蟹等水产品过敏者能否饮用EGCG2.0产品,对鱼虾蟹等水产品过敏者能否饮用EGCG2.0产品,对鱼、虾、蟹等水产品过敏者不能饮用EGCG2.0产品，鱼类、海鲜类过敏人群不能饮用EGCG升级肽。
虾青素每瓶/盒/袋有多少粒，能服用多久,"虾青素每瓶有多少粒
虾青素每盒有多少粒
虾青素每袋有多少粒
虾青素能服用多久",虾青素一瓶30粒，可以吃一个月；一盒30粒，每天吃一颗，可以吃一个月；一袋6颗，一共6袋，可以吃36天。
有癌症或肿瘤病史者，特别是正在服用药物的乳腺癌患者，是否适合饮用EGCG2.0产品,"有癌症者是否适合饮用EGCG2.0产品
肿瘤病史者是否适合饮用EGCG2.0产品
正在服用药物的乳腺癌患者是否适合饮用EGCG2.0产品",癌症、肿瘤体质或病史者建议咨询医生后再决定是否饮用EGCG2.0产品，不建议使用，应遵医嘱，建议复查时咨询医生并携带产品说明。
胶原蛋白肽EGCG饮品适合哪些人群使用,胶原蛋白肽EGCG饮品适合哪些人群使用,胶原蛋白肽EGCG饮品适合25岁以上胶原加速流失的熟龄肌人群使用，经期可用，但孕期和哺乳期不可用。
胶原蛋白维C饮品的使用方法、注意事项、规格、成分及口感如何,胶原蛋白维C饮品的使用方法、注意事项、规格、成分及口感如何,胶原蛋白维C饮品的使用方法是每天一瓶，每次30mL，推荐睡前或饭后饮用；注意事项包括鱼类、海鲜过敏者、肾功能代谢异常者不能饮用，备孕期、怀孕期、哺乳期不建议饮用，高血糖及癌症、肿瘤患者建议咨询医生；规格为每袋净含量30ml；成分包含胶原肽和维生素C，每袋含有6000mg维生素C，强调高效吸收；口感为酸甜口。开启后需冷藏(0-6℃)并在24小时内饮用完毕。
喝升级肽多久能看到效果,喝升级肽多久能看到效果,喝升级肽的效果时间因人而异，一个月的时间改变大多发生在皮肤基底层，医院用专业仪器测试能看到变化，但肉眼可见的效果需要更长时间，效果与个人年龄和想改善的皮肤问题有关，不同年龄皮肤代谢周期不同，效果也会不同。
胶原蛋白肽如何保存,胶原蛋白肽如何保存,胶原蛋白肽常温避光保存即可，如果喜欢冷藏口感，可以放入冰箱保存。
一天可以喝多瓶或同时饮用不同包装的升级肽EGCG饮吗,"一天可以喝多瓶升级肽EGCG饮吗
一天可以同时饮用不同包装的升级肽EGCG饮吗",不建议一天喝多瓶或同时饮用不同包装的升级肽EGCG饮，每天只需喝一瓶或一袋即可。人体吸收有阈值，喝太多无法吸收，效果不如一瓶，且摄入过量会造成浪费，不会增强效果，还会增加不必要的消费。瓶装和袋装是同一种产品，只是包装不同，不能同时饮用，否则摄入量过多。从成本和吸收角度考虑，均建议每天只喝一支。
使用三周或三个周期（三个月）能见到明显效果吗,"使用三周能见到明显效果吗
使用三个周期（三个月）能见到明显效果吗",效果需要三个周期才能看到明显肉眼变化，三周时间太短。三个月会有效果，但效果不会特别明显，不可能完全改变几十年的肤色，是慢慢一点一点从内到外改善的。一般3个周期，皮肤会更新代谢一次，可以看到明显的肉眼变化。
白密码的建议用量是多少,白密码的建议用量是多少,"白密码建议用量：每天1瓶
饮用方式：直接饮用,开启后请及时饮用或于 0-6°C冷藏,并于24小时内饮用完毕
注意事项：鱼类过敏、肾功能代谢异常，不能饮用。备孕期，怀孕期，哺乳期不建议饮用。癌症、肿瘤患者建议咨询医生"
口服周期多久可见效果及如何计算,"口服周期多久可见效果
如何计算口服周期",口服代谢周期为实际年龄加10天，例如45岁客户为55天一个周期，47岁客户为57天一个周期。建议每3个周期（约165-171天，6个月左右）观察一次效果，一般3个周期（165天）到6个周期（330天）能看到明显变化。
精华液的使用方法和注意事项是什么,"精华液的使用方法是什么
精华液的注意事项是什么","精华液的使用方法和注意事项包括：建议从小剂量一两滴开始建立耐受，逐渐加量；每天早晚洁面、抹完爽肤水之后使用，用在爽肤水和乳液之间；与维A酸、维A醇类产品间隔30分钟，或采用早C晚A的方式使用；正常使用后每次1-2吸管，早晚各一次；首次使用应在耳后测试，使用过程中若出现不适或过敏需立即停止；使用前先在脸颊和耳后少量试用建立耐受，无不适感后再大面积使用。
敏感肌初次使用需要在日后做过数测试，如果发现皮肤不适，请停止使用。"
可以空腹喝胶原蛋白肽吗,可以空腹喝胶原蛋白肽吗,不建议空腹喝主要是对于肠胃敏感的人群，比如胃酸分泌过多，胃怕凉的人群。半空腹状态喝不易出现肠胃不舒服状态。睡前（9-10点）属于半空腹状态，喝后进入睡眠，更好补充胶原蛋白，促进胶原蛋白合成。
胶原蛋白肽的效果是否有科学依据支持,胶原蛋白肽的效果是否有科学依据支持,央广网报道及科学论文验证表明，饮用该胶原蛋白肽具有明显的改善作用，同时央广网报道和科学论文验证显示，饮用该产品有明显改善皮肤状态的作用。
白密码饮品的保存、饮用方式及注意事项,"白密码饮品的保存是什么
白密码饮品的饮用方式是什么
白密码饮品的注意事项是什么","鱼类过敏、肾功能代谢异常者不能饮用白密码饮品；备孕、怀孕、哺乳期不建议饮用；癌症、肿瘤患者建议咨询医生。饮用方式为直接饮用，开启后需及时饮用或于0-6°C冷藏，并在24小时内饮用完毕。本品如有沉淀或颜色变化为正常现象，请摇匀后饮用。
若发现破损，请勿饮用。"
胶原蛋白肽EGCG饮的功效和实测效果如何,"胶原蛋白肽EGCG饮的功效如何
胶原蛋白肽EGCG饮的实测效果如何",五个女博士胶原蛋白肽EGCG饮具有锁水、补水、护胶原、促吸收的综合功效，可改善皮肤粗糙度、紧致度、细纹体积、角质层含水量和光泽度。SGS8周真人实测结果显示：粗糙度改善+28.85%，紧致度改善+34.73%，细纹体积减少-22.14%，角质层含水量提升+38.86%，光泽度提升+89.90%。
不同年龄段及备孕、哺乳期人群如何使用升级款胶原蛋白肽,不同年龄段及备孕、哺乳期人群如何使用升级款胶原蛋白肽,升级款胶原蛋白肽的使用方法为每天1支，建议晚上睡前饮用，可直接饮用或兑60度以下的温水，如不吃晚饭可在白天饭后饮用。产品不添加激素和类雌激素成分，经期可饮用，但喝酒或吃中药后需间隔两小时再喝。备孕期、孕期、哺乳期、肾脏代谢异常人群不建议使用；鱼类、海鲜、蛋白质过敏人群也不建议使用；癌症或肿瘤体质人群建议咨询医生。
经期是否可以服用虾青素,经期是否可以服用虾青素,经期服用虾青素不影响，属于食品级，正常吃就行，经期不需要停用。
空腹或饭前可以喝白密码吗,"空腹可以喝白密码吗
饭前可以喝白密码吗",最好不要空腹喝白密码，吃点东西再喝比较好，因为是冷饮，对于肠胃弱的人可能会引起胃部不适，建议饭后饮用。
25岁后胶原蛋白流失的影响及情况是怎样的,"25岁后胶原蛋白流失的影响是怎样的
25岁后胶原蛋白流失的情况是怎样的",25岁之后人体胶原蛋白开始加速流失，每年以1.5%的速率流失，到45岁时流失速率约为30%，34岁达到断崖式衰老转折点。胶原蛋白大量流失会导致真皮层失去弹性与支撑力，从而产生皱纹和衰老现象。经期、熬夜、压力大、睡眠不好、30岁及以上人群建议每天喝2支。
升级款胶原蛋白肽是否必须睡前服用,升级款胶原蛋白肽是否必须睡前服用,升级款胶原蛋白肽建议晚上睡前饮用，因为胶原合成在晚上进行，效果更好，但如果时间不合适，也可以调整到白天饮用，只要每天坚持喝一瓶即可。每天1支，可以直接饮用或兑60度以下的温水，如不吃晚饭可以在白天饭后饮用。
胶原蛋白的主要功效和作用是什么,胶原蛋白的主要功效和作用是什么,胶原蛋白的主要功效是让皮肤更饱满有弹性，改善松弛、下垂和细纹等问题。饮用胶原蛋白有明显的改善作用，可以改善皮肤皱纹、松弛、凹陷等衰老迹象，建议坚持饮用。补充每天流失的胶原蛋白肽，具有抗衰老作用，能延缓衰老进程。
盲盒的开箱密码是多少，里面有什么东西,"盲盒的开箱密码是多少
盲盒里面有什么东西",开箱密码是616，里面是产品包装，具体包含您购买的胶原蛋白肽产品，盲盒内含一个密码挂锁，挂锁密码为616。
美白饮的注意事项有哪些,美白饮的注意事项有哪些,"鱼类过敏、肾功能代谢异常者不能饮用；备孕期、怀孕期、哺乳期不建议饮用；癌症、肿瘤患者建议咨询医生。本品如有沉淀或颜色变化为正常现象，请摇匀后饮用。
若发现破损，请勿饮用。"
淡斑精华的使用方法和注意事项是什么,"淡斑精华的使用方法是什么
淡斑精华的注意事项是什么","淡斑精华浓度较高，建议早晚洗完脸后，用爽肤水之后、乳液之前少量使用，先建立耐受。前期在脸颊根部建立耐受，确认没有不适感后再大面积用于面部皮肤，前期不要用太多。淡斑精华浓度较高，前期建议少量使用2-3滴建立耐受期，再逐渐增加用量。产品为日抛型，当日开启需当日用完，未用完可暂时放入冰箱保存。
敏感肌初次使用需要在日后做过数测试，如果发现皮肤不适，请停止使用。"
虾青素是否具有抗糖作用或存在于抗糖产品中,"虾青素是否具有抗糖作用
虾青素是否存在于抗糖产品中",虾青素的抗糖成分不如抗糖产品高，抗糖产品中含有12毫克虾青素，每瓶抗糖饮品中含有12mg虾青素。
白芸阿拉伯糖固体饮料的用法用量是什么,白芸阿拉伯糖固体饮料的用法用量是什么,白芸阿拉伯糖固体饮料的用法用量是建议在吃完大餐之后兑温水饮用，一天一次，一次一袋。
服用两个多月为何效果仍不明显,服用两个多月为何效果仍不明显,服用两个多月效果仍不明显是因为时间还太短，建议坚持半年到一年再对比。内服保养以预防为主，能延缓衰老速度，让皮肤老化更慢。虽然低聚肽无需分解直接吸收，但补充的同时也在流失，因此需要长期坚持以堵住流失缺口，一般6个月左右肉眼可见的效果会越来越明显，1~2年则能与同龄人拉开差距。
美白饮喝多久能见效变白,"美白饮喝多久能见效
美白饮喝多久能变白",美白饮连续喝8周后，通过医学仪器检测可观察到真皮层内部变化，如皮肤含水量、黑色素和光泽度等，但具体肉眼可见的变化因人而异，取决于皮肤代谢周期。口服保养分为三个阶段：1-2个周期打开皮肤通道，3-4个周期稳定肌肤状态，6个周期后多维度抗衰并巩固效果。如果是晒后变黑，坚持服用4到6个月可有一定提亮效果；若是天生黑皮，完全变白较难，只能在原有肤色基础上提亮。皮肤代谢周期为55天，坚持使用6个周期（约330天）才会有肉眼可见的变化，内服见效慢但能从内到外改善肤色。
喝升级款胶原蛋白肽会影响月经吗,喝升级款胶原蛋白肽会影响月经吗,升级款胶原蛋白肽不会影响月经，因为产品不添加任何激素和类雌激素成分，而影响月经的主要是激素，因此该产品对月经没有任何影响。
梦幻巨蛋儿童富铁软糖的食用方法、适用人群及功效是什么,"梦幻巨蛋儿童富铁软糖的食用方法是什么
梦幻巨蛋儿童富铁软糖的适用人群是什么
梦幻巨蛋儿童富铁软糖的功效是什么",梦幻巨蛋儿童富铁软糖的食用方法是每天食用3粒，开袋即食，不限时间，每瓶60颗；适用人群包括3岁以上儿童、成人、备孕及哺乳期人群；功效是补铁补气血。
经典肽是2.0版本吗，一盒有多少瓶,"经典肽是2.0版本吗
经典肽一盒有多少瓶",经典肽为2.0版本，活动中的经典肽为2.0版本，就是您喝的这款经典肽2.0，经典肽都是2.06000胶原蛋白肽的，每盒包含10瓶。
胶原蛋白肽可以和其他产品或保健品一起使用吗,"胶原蛋白肽可以和其他产品一起使用吗
胶原蛋白肽可以和保健品一起使用吗",可以，胶原蛋白肽是食品级别的保养品，与其他保健品没有任何冲突。
产品是每晚睡前喝一支吗,产品是每晚睡前喝一支吗,EGCG升级肽建议每天饮用1瓶，饮用方式为每晚睡前或白天饭后，可直接喝或兑60度以下温水饮用。
如何提升产品使用效果和见效速度,"如何提升产品使用效果
如何提升产品见效速度",提升产品使用效果和见效速度的方法包括：尽量早睡让胶原蛋白睡饱，做好防晒避免光老化损伤，保持好心情，以及少吃AGES/AGEs含量高的食物（如烧烤、烘焙、甜品、糖油混合物）。
白密码的注意事项和禁忌人群有哪些,"白密码的注意事项有哪些
白密码的禁忌人群有哪些","鱼类过敏、肾功能代谢异常者不能饮用白密码；备孕、怀孕、哺乳期女性不建议饮用白密码；癌症、肿瘤患者需咨询医生。本品如有沉淀或颜色变化为正常现象，请摇匀后饮用。
若发现破损，请勿饮用。"
36-40岁未备孕、孕期或哺乳期，是否可以使用产品,"36-40岁未备孕是否可以使用产品
36-40岁孕期是否可以使用产品
36-40岁哺乳期是否可以使用产品",36岁非备孕、孕期、哺乳期可以使用产品，适合使用复合益生菌固体饮料、升级胶原蛋白肽和白密码产品，但鱼类、海鲜、蛋白质过敏人群及肾脏代谢异常者不建议使用，癌症、肿瘤体质建议咨询医生。40岁非备孕、孕期、哺乳期经典款胶原蛋白肽建议睡前饮用1支，25岁及以上、经期、压力大熬夜建议每天1-2支，白天餐后半小时加睡前1支，鱼虾蟹海鲜类过敏不建议使用，喝酒或吃中药后需间隔两小时再喝，肾脏代谢异常不能喝，癌症、肿瘤体质建议咨询医生。
经典肽怎么服用,经典肽怎么服用,胶原蛋白肽维c饮的服用方法为每天1-2支，建议睡前饮用，可直接饮用或兑80-100ml温水（水温不超过60度）。因个体差异，25岁以上人群或熬夜、焦虑时可选择每日2支。对鱼、虾、蟹等水产品过敏者及肾脏代谢异常者不能饮用；癌症或肿瘤体质者建议咨询医生。若不吃晚饭，可在白天饭后饮用。
亢唐的使用方法是什么,亢唐的使用方法是什么,建议在热量摄入最多的一餐前半小时或随餐饮用，每日1瓶+1袋；可饮品与压片糖果一同食用，或饮品直接饮用、压片糖果温水冲服。
胶原蛋白肽一天喝两瓶是一次喝完还是分次喝,胶原蛋白肽一天喝两瓶是一次喝完还是分次喝,胶原蛋白肽一天喝两瓶可以一次喝完或分次喝，只要在餐后饮用即可。可以早晚各一支，也可以都在睡前喝，建议在睡前饮用是因为产品含有助眠成分。如果平时不吃晚餐，调整到白天饮用也可以，不影响效果。可以白天餐后喝一支，晚上睡前喝一支，也可以直接睡前一次性喝两支。
升级款胶原蛋白肽是否含有玻尿酸,升级款胶原蛋白肽是否含有玻尿酸,升级款胶原蛋白肽含有玻尿酸，该产品添加了玻尿酸成分，既可以补充胶原蛋白，也可以补充玻尿酸，既补水又补充胶原。
哪些人群或情况下不建议使用复合益生菌固体饮料,"哪些人群不建议使用复合益生菌固体饮料
哪些情况下不建议使用复合益生菌固体饮料",腹泻患者不建议使用复合益生菌固体饮料；服用抗生素期间需间隔2-3小时再服用。
饮用产品时有哪些注意事项,饮用产品时有哪些注意事项,升级肽EGCG饮建议每天一瓶，每晚睡前或白天饭后饮用；备孕、孕期、哺乳期不建议饮用；鱼类过敏、肾功能代谢异常者不能饮用；癌症、肿瘤患者建议咨询医生；饮用时需忌口酒类、浓茶类、药物类、咖啡类，建议间隔2-4小时以上；高血糖患者建议咨询医生。
升级肽每盒的规格（毫升、瓶数、每支毫克数）是多少,"升级肽每盒的规格（毫升）是多少
升级肽每盒的规格（瓶数）是多少
升级肽每盒的规格（每支毫克数）是多少",升级肽每盒是8000毫升，每盒有10瓶，每支含有8000毫克胶原蛋白。
抗糖粉剂的作用、使用方法及口感如何,"抗糖粉剂的作用是什么
抗糖粉剂的使用方法是什么
抗糖粉剂的口感如何",抗糖粉剂是抗糖饮的一部分，并非完整产品，主要作用是尝口感，味道像白开水一样无味，单独一盒粉剂作用不大。它可以减少多余糖分的摄入，使用方法是在餐前用温水冲服，一天吃一包。其主要作用是改善肤色不均、暗沉发黄和斑斑点点的现象。
